,Player,Nation,Pos,Age,MP,Starts,Min,90s,Gls,Ast,G+A,G-PK,PK,PKatt,CrdY,CrdR,Squad
0,David Raya,ESP,GK,28.0,38,38,3420,38.0,0.0,0.0,0.0,0.0,0.0,0.0,3.0,0.0,Arsenal
1,William Saliba,FRA,DF,23.0,35,35,3039,33.8,2.0,0.0,2.0,2.0,0.0,0.0,2.0,1.0,Arsenal
2,Declan Rice,ENG,MF,25.0,35,33,2825,31.4,4.0,7.0,11.0,4.0,0.0,0.0,7.0,1.0,Arsenal
3,Thomas Partey,GHA,"MF,DF",31.0,35,31,2797,31.1,4.0,2.0,6.0,4.0,0.0,0.0,4.0,0.0,Arsenal
4,Leandro Trossard,BEL,FW,29.0,38,28,2546,28.3,8.0,7.0,15.0,8.0,0.0,0.0,4.0,1.0,Arsenal
5,Gabriel Magalhães,BRA,DF,26.0,28,28,2363,26.3,3.0,1.0,4.0,3.0,0.0,0.0,4.0,0.0,Arsenal
6,Jurriën Timber,NED,DF,23.0,30,27,2417,26.9,1.0,3.0,4.0,1.0,0.0,0.0,7.0,0.0,Arsenal
7,Martin Ødegaard,NOR,MF,25.0,30,26,2325,25.8,3.0,8.0,11.0,2.0,1.0,1.0,4.0,0.0,Arsenal
8,Gabriel Martinelli,BRA,"FW,MF",23.0,33,25,2290,25.4,8.0,4.0,12.0,8.0,0.0,0.0,1.0,0.0,Arsenal
9,Kai Havertz,GER,"FW,MF",25.0,23,21,1875,20.8,9.0,3.0,12.0,9.0,0.0,0.0,5.0,0.0,Arsenal
10,Bukayo Saka,ENG,"FW,MF",22.0,25,20,1729,19.2,6.0,10.0,16.0,5.0,1.0,1.0,3.0,0.0,Arsenal
11,Mikel Merino,ESP,"MF,FW",28.0,28,17,1586,17.6,7.0,2.0,9.0,7.0,0.0,0.0,4.0,1.0,Arsenal
12,Myles Lewis-Skelly,ENG,DF,17.0,23,15,1369,15.2,1.0,0.0,1.0,1.0,0.0,0.0,3.0,2.0,Arsenal
13,Ben White,ENG,DF,26.0,17,13,1198,13.3,0.0,2.0,2.0,0.0,0.0,0.0,2.0,0.0,Arsenal
14,Riccardo Calafiori,ITA,DF,22.0,19,11,983,10.9,2.0,1.0,3.0,2.0,0.0,0.0,4.0,0.0,Arsenal
15,Ethan Nwaneri,ENG,"FW,MF",17.0,26,11,895,9.9,4.0,2.0,6.0,4.0,0.0,0.0,1.0,0.0,Arsenal
16,Jakub Kiwior,POL,DF,24.0,17,10,1122,12.5,1.0,0.0,1.0,1.0,0.0,0.0,1.0,0.0,Arsenal
17,Jorginho,ITA,MF,32.0,15,9,704,7.8,0.0,0.0,0.0,0.0,0.0,0.0,5.0,0.0,Arsenal
18,Raheem Sterling,ENG,"FW,MF",29.0,17,7,499,5.5,0.0,2.0,2.0,0.0,0.0,0.0,1.0,0.0,Arsenal
19,Gabriel Jesus,BRA,FW,27.0,17,6,608,6.8,3.0,0.0,3.0,3.0,0.0,0.0,4.0,0.0,Arsenal
20,Oleksandr Zinchenko,UKR,"DF,MF",27.0,15,5,527,5.9,0.0,1.0,1.0,0.0,0.0,0.0,1.0,0.0,Arsenal
21,Kieran Tierney,SCO,"DF,FW",27.0,13,2,259,2.9,1.0,0.0,1.0,1.0,0.0,0.0,0.0,0.0,Arsenal
22,Nathan Butler-Oyedeji,ENG,FW,21.0,1,0,7,0.1,0.0,0.0,0.0,0.0,0.0,0.0,0.0,0.0,Arsenal
23,Takehiro Tomiyasu,JPN,DF,25.0,1,0,7,0.1,0.0,0.0,0.0,0.0,0.0,0.0,0.0,0.0,Arsenal
24,Reiss Nelson,ENG,FW,24.0,1,0,3,0.0,0.0,0.0,0.0,0.0,0.0,0.0,0.0,0.0,Arsenal
25,Brayden Clarke,WAL,DF,17.0,0,0,0,0.0,0.0,0.0,0.0,0.0,0.0,0.0,0.0,0.0,Arsenal
26,Jimi Gower,ENG,MF,19.0,0,0,0,0.0,0.0,0.0,0.0,0.0,0.0,0.0,0.0,0.0,Arsenal
27,Ayden Heaven,ENG,DF,17.0,0,0,0,0.0,0.0,0.0,0.0,0.0,0.0,0.0,0.0,0.0,Arsenal
28,Jack Henry-Francis,IRL,MF,20.0,0,0,0,0.0,0.0,0.0,0.0,0.0,0.0,0.0,0.0,0.0,Arsenal
29,Ismeal Kabia,ENG,MF,18.0,0,0,0,0.0,0.0,0.0,0.0,0.0,0.0,0.0,0.0,0.0,Arsenal
30,Maldini Kacurri,ALB,DF,18.0,0,0,0,0.0,0.0,0.0,0.0,0.0,0.0,0.0,0.0,0.0,Arsenal
31,Neto,BRA,GK,35.0,0,0,0,0.0,0.0,0.0,0.0,0.0,0.0,0.0,0.0,0.0,Arsenal
32,Josh Nichols,ENG,DF,18.0,0,0,0,0.0,0.0,0.0,0.0,0.0,0.0,0.0,0.0,0.0,Arsenal
33,Eddie Nketiah,ENG,FW,25.0,0,0,0,0.0,0.0,0.0,0.0,0.0,0.0,0.0,0.0,0.0,Arsenal
34,Salah Oulad M'Hand,NED,MF,20.0,0,0,0,0.0,0.0,0.0,0.0,0.0,0.0,0.0,0.0,0.0,Arsenal
35,Jack Porter,ENG,GK,16.0,0,0,0,0.0,0.0,0.0,0.0,0.0,0.0,0.0,0.0,0.0,Arsenal
36,Aaron Ramsdale,ENG,GK,26.0,0,0,0,0.0,0.0,0.0,0.0,0.0,0.0,0.0,0.0,0.0,Arsenal
37,Tommy Setford,ENG,GK,18.0,0,0,0,0.0,0.0,0.0,0.0,0.0,0.0,0.0,0.0,0.0,Arsenal
38,Emiliano Martínez,ARG,GK,31.0,37,37,3194,35.5,0.0,0.0,0.0,0.0,0.0,0.0,5.0,1.0,Aston Villa
39,Morgan Rogers,ENG,"FW,MF",22.0,37,37,3114,34.6,8.0,10.0,18.0,8.0,0.0,0.0,10.0,0.0,Aston Villa
40,Youri Tielemans,BEL,MF,27.0,36,35,3026,33.6,3.0,7.0,10.0,3.0,0.0,1.0,4.0,0.0,Aston Villa
41,Ezri Konsa,ENG,DF,26.0,34,33,2936,32.6,2.0,0.0,2.0,2.0,0.0,0.0,1.0,0.0,Aston Villa
42,Ollie Watkins,ENG,FW,28.0,38,31,2598,28.9,16.0,8.0,24.0,14.0,2.0,2.0,2.0,0.0,Aston Villa
43,Lucas Digne,FRA,DF,31.0,32,28,2351,26.1,0.0,4.0,4.0,0.0,0.0,0.0,4.0,0.0,Aston Villa
44,John McGinn,SCO,"MF,FW",29.0,34,27,2223,24.7,1.0,4.0,5.0,1.0,0.0,0.0,7.0,0.0,Aston Villa
45,Matty Cash,POL,DF,26.0,27,24,2070,23.0,1.0,1.0,2.0,1.0,0.0,0.0,7.0,0.0,Aston Villa
46,Pau Torres,ESP,DF,27.0,24,23,2020,22.4,0.0,0.0,0.0,0.0,0.0,0.0,2.0,0.0,Aston Villa
47,Boubacar Kamara,FRA,MF,24.0,26,20,1726,19.2,1.0,0.0,1.0,1.0,0.0,0.0,2.0,0.0,Aston Villa
48,Amadou Onana,BEL,MF,22.0,26,20,1617,18.0,3.0,0.0,3.0,3.0,0.0,0.0,4.0,0.0,Aston Villa
49,Jacob Ramsey,ENG,"FW,MF",23.0,29,19,1623,18.0,1.0,3.0,4.0,1.0,0.0,0.0,4.0,1.0,Aston Villa
50,Leon Bailey,JAM,"FW,MF",26.0,24,14,1139,12.7,1.0,2.0,3.0,1.0,0.0,0.0,3.0,0.0,Aston Villa
51,Tyrone Mings,ENG,DF,31.0,14,12,1120,12.4,0.0,0.0,0.0,0.0,0.0,0.0,1.0,0.0,Aston Villa
52,Ian Maatsen,NED,DF,22.0,29,10,1139,12.7,1.0,2.0,3.0,1.0,0.0,0.0,2.0,0.0,Aston Villa
53,Marco Asensio,ESP,MF,28.0,13,9,743,8.3,3.0,1.0,4.0,3.0,0.0,2.0,2.0,0.0,Aston Villa
54,Diego Carlos,BRA,DF,31.0,10,8,830,9.2,0.0,0.0,0.0,0.0,0.0,0.0,1.0,0.0,Aston Villa
55,Axel Disasi,FRA,DF,26.0,7,5,490,5.4,0.0,0.0,0.0,0.0,0.0,0.0,2.0,0.0,Aston Villa
56,Lamare Bogarde,NED,"DF,MF",20.0,8,5,476,5.3,0.0,0.0,0.0,0.0,0.0,0.0,2.0,0.0,Aston Villa
57,Andrés García,ESP,"DF,MF",21.0,7,5,318,3.5,0.0,0.0,0.0,0.0,0.0,0.0,0.0,0.0,Aston Villa
58,Jáder Durán,COL,FW,20.0,20,4,638,7.1,7.0,0.0,7.0,7.0,0.0,0.0,3.0,1.0,Aston Villa
59,Marcus Rashford,ENG,FW,26.0,10,4,444,4.9,2.0,2.0,4.0,1.0,1.0,1.0,0.0,0.0,Aston Villa
60,Ross Barkley,ENG,MF,30.0,20,3,581,6.5,3.0,1.0,4.0,3.0,0.0,0.0,3.0,0.0,Aston Villa
61,Jaden Philogene Bidace,ENG,"FW,MF",22.0,11,2,332,3.7,0.0,0.0,0.0,0.0,0.0,0.0,4.0,1.0,Aston Villa
62,Donyell Malen,NED,FW,25.0,14,2,305,3.4,3.0,0.0,3.0,3.0,0.0,0.0,0.0,0.0,Aston Villa
63,Robin Olsen,SWE,GK,34.0,4,1,226,2.5,0.0,0.0,0.0,0.0,0.0,0.0,0.0,0.0,Aston Villa
64,Kosta Nedeljković,SRB,DF,18.0,5,0,126,1.4,0.0,0.0,0.0,0.0,0.0,0.0,0.0,0.0,Aston Villa
65,Emi Buendía,ARG,"MF,FW",27.0,12,0,98,1.1,0.0,0.0,0.0,0.0,0.0,0.0,1.0,0.0,Aston Villa
66,Benjamin Broggio,ENG,FW,17.0,0,0,0,0.0,0.0,0.0,0.0,0.0,0.0,0.0,0.0,0.0,Aston Villa
67,Joe Gauci,AUS,GK,24.0,0,0,0,0.0,0.0,0.0,0.0,0.0,0.0,0.0,0.0,0.0,Aston Villa
68,Jamaldeen Jimoh,ENG,MF,17.0,0,0,0,0.0,0.0,0.0,0.0,0.0,0.0,0.0,0.0,0.0,Aston Villa
69,Sil Swinkels,NED,DF,20.0,0,0,0,0.0,0.0,0.0,0.0,0.0,0.0,0.0,0.0,0.0,Aston Villa
70,Kadan Young,ENG,MF,18.0,0,0,0,0.0,0.0,0.0,0.0,0.0,0.0,0.0,0.0,0.0,Aston Villa
71,Oliwier Zych,POL,GK,20.0,0,0,0,0.0,0.0,0.0,0.0,0.0,0.0,0.0,0.0,0.0,Aston Villa
72,Milos Kerkez,HUN,DF,20.0,38,38,3336,37.1,2.0,5.0,7.0,2.0,0.0,0.0,4.0,0.0,Bournemouth
73,Antoine Semenyo,GHA,FW,24.0,37,36,3203,35.6,11.0,5.0,16.0,11.0,0.0,0.0,9.0,0.0,Bournemouth
74,Illia Zabarnyi,UKR,DF,21.0,36,35,3109,34.5,0.0,1.0,1.0,0.0,0.0,0.0,4.0,1.0,Bournemouth
75,Lewis Cook,ENG,"MF,DF",27.0,36,32,2978,33.1,1.0,3.0,4.0,1.0,0.0,0.0,8.0,1.0,Bournemouth
76,Kepa Arrizabalaga,ESP,GK,29.0,31,31,2790,31.0,0.0,0.0,0.0,0.0,0.0,0.0,3.0,0.0,Bournemouth
77,Justin Kluivert,NED,MF,25.0,34,29,2340,26.0,12.0,6.0,18.0,6.0,6.0,6.0,8.0,0.0,Bournemouth
78,Evanilson,BRA,FW,24.0,31,28,2319,25.8,10.0,1.0,11.0,10.0,0.0,1.0,1.0,1.0,Bournemouth
79,Ryan Christie,SCO,MF,29.0,29,27,2117,23.5,2.0,3.0,5.0,2.0,0.0,0.0,9.0,0.0,Bournemouth
80,Dean Huijsen,ESP,DF,19.0,32,26,2427,27.0,3.0,2.0,5.0,3.0,0.0,0.0,10.0,0.0,Bournemouth
81,Dango Ouattara,BFA,FW,22.0,32,21,2005,22.3,7.0,4.0,11.0,7.0,0.0,0.0,3.0,0.0,Bournemouth
82,Tyler Adams,USA,MF,25.0,28,21,1965,21.8,0.0,3.0,3.0,0.0,0.0,0.0,7.0,0.0,Bournemouth
83,Marcus Tavernier,ENG,"FW,MF",25.0,29,20,1939,21.5,3.0,5.0,8.0,3.0,0.0,0.0,6.0,0.0,Bournemouth
84,Adam Smith,ENG,DF,33.0,25,19,1590,17.7,0.0,0.0,0.0,0.0,0.0,0.0,7.0,0.0,Bournemouth
85,Marcos Senesi,ARG,DF,27.0,17,13,1106,12.3,0.0,0.0,0.0,0.0,0.0,0.0,5.0,0.0,Bournemouth
86,David Brooks,WAL,"FW,MF",27.0,29,9,960,10.7,2.0,0.0,2.0,2.0,0.0,0.0,3.0,0.0,Bournemouth
87,Alex Scott,ENG,MF,20.0,20,8,755,8.4,0.0,0.0,0.0,0.0,0.0,0.0,3.0,0.0,Bournemouth
88,Julian Araujo,MEX,DF,22.0,12,7,497,5.5,0.0,0.0,0.0,0.0,0.0,0.0,2.0,0.0,Bournemouth
89,James Hill,ENG,DF,22.0,10,6,448,5.0,0.0,1.0,1.0,0.0,0.0,0.0,1.0,0.0,Bournemouth
90,Mark Travers,IRL,GK,25.0,5,5,450,5.0,0.0,0.0,0.0,0.0,0.0,0.0,0.0,0.0,Bournemouth
91,Enes Ünal,TUR,"FW,MF",27.0,17,2,345,3.8,2.0,1.0,3.0,2.0,0.0,0.0,2.0,0.0,Bournemouth
92,Neto,BRA,GK,35.0,2,2,180,2.0,0.0,0.0,0.0,0.0,0.0,0.0,0.0,0.0,Bournemouth
93,Luis Sinisterra,COL,"FW,MF",25.0,12,1,236,2.6,1.0,1.0,2.0,1.0,0.0,0.0,0.0,0.0,Bournemouth
94,Philip Billing,DEN,MF,28.0,10,1,184,2.0,0.0,0.0,0.0,0.0,0.0,0.0,1.0,0.0,Bournemouth
95,Max Aarons,ENG,DF,24.0,3,1,86,1.0,0.0,0.0,0.0,0.0,0.0,0.0,0.0,0.0,Bournemouth
96,Daniel Jebbison,CAN,FW,20.0,16,0,119,1.3,1.0,0.0,1.0,1.0,0.0,0.0,1.0,0.0,Bournemouth
97,Ben Winterburn,ENG,"MF,FW",19.0,4,0,24,0.3,0.0,0.0,0.0,0.0,0.0,0.0,0.0,0.0,Bournemouth
98,Julio Soler,ARG,"DF,FW",19.0,3,0,11,0.1,0.0,0.0,0.0,0.0,0.0,0.0,0.0,0.0,Bournemouth
99,Remy Rees-Dottin,ENG,FW,18.0,1,0,1,0.0,0.0,0.0,0.0,0.0,0.0,0.0,0.0,0.0,Bournemouth
100,Zain Silcott-Duberry,MSR,FW,19.0,1,0,1,0.0,0.0,0.0,0.0,0.0,0.0,0.0,0.0,0.0,Bournemouth
101,Daniel Adu-Adjei,ENG,FW,19.0,0,0,0,0.0,0.0,0.0,0.0,0.0,0.0,0.0,0.0,0.0,Bournemouth
102,Matai Akinmboni,USA,DF,17.0,0,0,0,0.0,0.0,0.0,0.0,0.0,0.0,0.0,0.0,0.0,Bournemouth
103,Jaidon Anthony,ENG,"FW,MF",24.0,0,0,0,0.0,0.0,0.0,0.0,0.0,0.0,0.0,0.0,0.0,Bournemouth
104,Will Dennis,ENG,GK,24.0,0,0,0,0.0,0.0,0.0,0.0,0.0,0.0,0.0,0.0,0.0,Bournemouth
105,Archie Harris,WAL,DF,19.0,0,0,0,0.0,0.0,0.0,0.0,0.0,0.0,0.0,0.0,0.0,Bournemouth
106,Hamed Junior Traorè,CIV,"FW,MF",24.0,0,0,0,0.0,0.0,0.0,0.0,0.0,0.0,0.0,0.0,0.0,Bournemouth
107,Callan Mckenna,SCO,GK,17.0,0,0,0,0.0,0.0,0.0,0.0,0.0,0.0,0.0,0.0,0.0,Bournemouth
108,Dominic Sadi,ENG,MF,20.0,0,0,0,0.0,0.0,0.0,0.0,0.0,0.0,0.0,0.0,0.0,Bournemouth
109,Maxwell Wellings,ENG,DF,19.0,0,0,0,0.0,0.0,0.0,0.0,0.0,0.0,0.0,0.0,0.0,Bournemouth
110,Nathan Collins,IRL,DF,23.0,38,38,3420,38.0,2.0,3.0,5.0,2.0,0.0,0.0,5.0,0.0,Brentford
111,Bryan Mbeumo,CMR,FW,24.0,38,38,3414,37.9,20.0,7.0,27.0,15.0,5.0,6.0,3.0,0.0,Brentford
112,Mark Flekken,NED,GK,31.0,37,37,3275,36.4,0.0,2.0,2.0,0.0,0.0,0.0,1.0,0.0,Brentford
113,Keane Lewis-Potter,ENG,"DF,FW",23.0,38,36,3093,34.4,1.0,3.0,4.0,1.0,0.0,0.0,7.0,0.0,Brentford
114,Yoane Wissa,COD,FW,27.0,35,34,2919,32.4,19.0,4.0,23.0,19.0,0.0,0.0,5.0,0.0,Brentford
115,Mikkel Damsgaard,DEN,"MF,FW",24.0,38,34,2911,32.3,2.0,10.0,12.0,2.0,0.0,0.0,2.0,0.0,Brentford
116,Christian Nørgaard,DEN,MF,30.0,34,34,2819,31.3,5.0,4.0,9.0,5.0,0.0,0.0,8.0,1.0,Brentford
117,Sepp van den Berg,NED,DF,22.0,31,29,2586,28.7,0.0,0.0,0.0,0.0,0.0,0.0,3.0,0.0,Brentford
118,Vitaly Janelt,GER,MF,26.0,32,27,2254,25.0,1.0,3.0,4.0,1.0,0.0,0.0,3.0,0.0,Brentford
119,Kevin Schade,GER,FW,22.0,38,26,2293,25.5,11.0,2.0,13.0,11.0,0.0,0.0,3.0,0.0,Brentford
120,Ethan Pinnock,JAM,DF,31.0,22,21,1913,21.3,2.0,0.0,2.0,2.0,0.0,0.0,2.0,0.0,Brentford
121,Kristoffer Ajer,NOR,DF,26.0,24,17,1438,16.0,0.0,0.0,0.0,0.0,0.0,0.0,5.0,0.0,Brentford
122,Yehor Yarmoliuk,UKR,MF,20.0,31,15,1450,16.1,0.0,0.0,0.0,0.0,0.0,0.0,6.0,0.0,Brentford
123,Mads Roerslev,DEN,DF,25.0,19,11,1101,12.2,0.0,2.0,2.0,0.0,0.0,0.0,2.0,0.0,Brentford
124,Mathias Jensen,DEN,MF,28.0,24,8,862,9.6,0.0,2.0,2.0,0.0,0.0,0.0,2.0,0.0,Brentford
125,Michael Kayode,ITA,DF,20.0,12,6,528,5.9,0.0,1.0,1.0,0.0,0.0,0.0,2.0,0.0,Brentford
126,Fabio Carvalho,POR,"FW,MF",21.0,19,3,455,5.1,2.0,1.0,3.0,2.0,0.0,0.0,1.0,0.0,Brentford
127,Ben Mee,ENG,DF,34.0,7,2,183,2.0,0.0,0.0,0.0,0.0,0.0,0.0,2.0,0.0,Brentford
128,Thiago,BRA,"FW,MF",23.0,8,1,175,1.9,0.0,0.0,0.0,0.0,0.0,0.0,0.0,0.0,Brentford
129,Hákon Valdimarsson,ISL,GK,22.0,2,1,145,1.6,0.0,0.0,0.0,0.0,0.0,0.0,0.0,0.0,Brentford
130,Edmond-Paris Maghoma,ENG,"MF,FW",23.0,8,0,119,1.3,0.0,0.0,0.0,0.0,0.0,0.0,0.0,0.0,Brentford
131,Rico Henry,ENG,DF,27.0,5,0,99,1.1,0.0,0.0,0.0,0.0,0.0,0.0,0.0,0.0,Brentford
132,Yunus Emre Konak,TUR,"FW,MF",18.0,10,0,42,0.5,0.0,0.0,0.0,0.0,0.0,0.0,0.0,0.0,Brentford
133,Kim Jisoo,KOR,DF,19.0,3,0,30,0.3,0.0,0.0,0.0,0.0,0.0,0.0,0.0,0.0,Brentford
134,Frank Onyeka,NGA,MF,26.0,2,0,25,0.3,0.0,0.0,0.0,0.0,0.0,0.0,0.0,0.0,Brentford
135,Gustavo Nunes,BRA,"FW,MF",18.0,3,0,12,0.1,0.0,0.0,0.0,0.0,0.0,0.0,0.0,0.0,Brentford
136,Jayden Meghoma,ENG,DF,18.0,1,0,5,0.1,0.0,0.0,0.0,0.0,0.0,0.0,0.0,0.0,Brentford
137,Ryan Trevitt,ENG,MF,21.0,1,0,4,0.0,0.0,0.0,0.0,0.0,0.0,0.0,0.0,0.0,Brentford
138,Benjamin Arthur,ENG,DF,18.0,0,0,0,0.0,0.0,0.0,0.0,0.0,0.0,0.0,0.0,0.0,Brentford
139,Julian Eyestone,USA,GK,18.0,0,0,0,0.0,0.0,0.0,0.0,0.0,0.0,0.0,0.0,0.0,Brentford
140,Benjamin Fredrick,NGA,DF,19.0,0,0,0,0.0,0.0,0.0,0.0,0.0,0.0,0.0,0.0,0.0,Brentford
141,Aaron Hickey,SCO,"DF,MF",22.0,0,0,0,0.0,0.0,0.0,0.0,0.0,0.0,0.0,0.0,0.0,Brentford
142,Iwan Morgan,WAL,FW,18.0,0,0,0,0.0,0.0,0.0,0.0,0.0,0.0,0.0,0.0,0.0,Brentford
143,Myles Peart-Harris,ENG,MF,21.0,0,0,0,0.0,0.0,0.0,0.0,0.0,0.0,0.0,0.0,0.0,Brentford
144,Tony Yogane,ENG,MF,18.0,0,0,0,0.0,0.0,0.0,0.0,0.0,0.0,0.0,0.0,0.0,Brentford
145,Bart Verbruggen,NED,GK,21.0,36,36,3240,36.0,0.0,1.0,1.0,0.0,0.0,0.0,5.0,0.0,Brighton
146,Jan Paul van Hecke,NED,DF,24.0,34,33,2958,32.9,1.0,1.0,2.0,1.0,0.0,0.0,8.0,1.0,Brighton
147,Carlos Baleba,CMR,MF,20.0,34,31,2661,29.6,3.0,1.0,4.0,3.0,0.0,0.0,8.0,1.0,Brighton
148,Kaoru Mitoma,JPN,"FW,MF",27.0,36,28,2603,28.9,10.0,4.0,14.0,10.0,0.0,0.0,1.0,0.0,Brighton
149,Pervis Estupiñán,ECU,DF,26.0,30,26,2402,26.7,1.0,1.0,2.0,1.0,0.0,0.0,5.0,0.0,Brighton
150,Danny Welbeck,ENG,FW,33.0,30,24,2115,23.5,10.0,4.0,14.0,9.0,1.0,1.0,5.0,0.0,Brighton
151,Lewis Dunk,ENG,DF,32.0,25,23,2083,23.1,0.0,0.0,0.0,0.0,0.0,0.0,5.0,0.0,Brighton
152,João Pedro,BRA,"FW,MF",22.0,27,23,1948,21.6,10.0,6.0,16.0,5.0,5.0,5.0,4.0,1.0,Brighton
153,Yasin Ayari,SWE,MF,20.0,34,22,1965,21.8,2.0,1.0,3.0,2.0,0.0,0.0,3.0,0.0,Brighton
154,Jack Hinshelwood,ENG,"MF,DF",19.0,26,22,1842,20.5,5.0,2.0,7.0,5.0,0.0,0.0,5.0,0.0,Brighton
155,Yankuba Minteh,GAM,"FW,MF",20.0,32,20,1838,20.4,6.0,4.0,10.0,6.0,0.0,0.0,6.0,0.0,Brighton
156,Joël Veltman,NED,DF,32.0,21,19,1697,18.9,0.0,0.0,0.0,0.0,0.0,0.0,5.0,0.0,Brighton
157,Georginio Rutter,FRA,"MF,FW",22.0,28,19,1656,18.4,5.0,3.0,8.0,5.0,0.0,0.0,2.0,0.0,Brighton
158,Simon Adingra,CIV,"FW,MF",22.0,29,12,1097,12.2,2.0,2.0,4.0,2.0,0.0,0.0,0.0,0.0,Brighton
159,Matt O'Riley,DEN,MF,23.0,21,11,938,10.4,2.0,2.0,4.0,1.0,1.0,1.0,1.0,0.0,Brighton
160,Adam Webster,ENG,DF,29.0,14,11,887,9.9,0.0,0.0,0.0,0.0,0.0,0.0,1.0,0.0,Brighton
161,Mats Wieffer,NED,"DF,MF",24.0,25,10,1015,11.3,1.0,3.0,4.0,1.0,0.0,0.0,6.0,0.0,Brighton
162,Igor,BRA,DF,26.0,13,10,961,10.7,0.0,0.0,0.0,0.0,0.0,0.0,4.0,0.0,Brighton
163,Tariq Lamptey,GHA,DF,23.0,15,10,860,9.6,2.0,2.0,4.0,2.0,0.0,0.0,0.0,0.0,Brighton
164,Brajan Gruda,GER,"MF,FW",20.0,21,8,687,7.6,1.0,4.0,5.0,1.0,0.0,0.0,0.0,0.0,Brighton
165,Ferdi Kadioglu,TUR,"DF,MF",24.0,6,5,385,4.3,1.0,0.0,1.0,1.0,0.0,0.0,1.0,0.0,Brighton
166,Diego Gómez,PAR,MF,21.0,16,4,516,5.7,1.0,0.0,1.0,1.0,0.0,0.0,0.0,0.0,Brighton
167,James Milner,ENG,MF,38.0,4,3,170,1.9,0.0,0.0,0.0,0.0,0.0,0.0,1.0,0.0,Brighton
168,Julio Enciso,PAR,"MF,FW",20.0,12,2,294,3.3,0.0,0.0,0.0,0.0,0.0,0.0,0.0,0.0,Brighton
169,Evan Ferguson,IRL,FW,19.0,13,2,246,2.7,1.0,0.0,1.0,1.0,0.0,0.0,0.0,0.0,Brighton
170,Jason Steele,ENG,GK,33.0,2,2,180,2.0,0.0,0.0,0.0,0.0,0.0,0.0,0.0,0.0,Brighton
171,Solly March,ENG,"FW,MF",30.0,8,1,168,1.9,0.0,0.0,0.0,0.0,0.0,0.0,2.0,0.0,Brighton
172,Billy Gilmour,SCO,MF,23.0,2,1,98,1.1,0.0,0.0,0.0,0.0,0.0,0.0,0.0,0.0,Brighton
173,Eiran Cashin,IRL,DF,22.0,2,0,20,0.2,0.0,0.0,0.0,0.0,0.0,0.0,0.0,0.0,Brighton
174,Jakub Moder,POL,MF,25.0,4,0,11,0.1,0.0,0.0,0.0,0.0,0.0,0.0,0.0,0.0,Brighton
175,Jeremy Sarmiento,ECU,MF,22.0,1,0,9,0.1,0.0,0.0,0.0,0.0,0.0,0.0,0.0,0.0,Brighton
176,Harry Howell,ENG,FW,15.0,1,0,7,0.1,0.0,0.0,0.0,0.0,0.0,0.0,0.0,0.0,Brighton
177,Valentín Barco,ARG,"DF,MF",20.0,0,0,0,0.0,0.0,0.0,0.0,0.0,0.0,0.0,0.0,0.0,Brighton
178,Killian Cahill,IRL,GK,20.0,0,0,0,0.0,0.0,0.0,0.0,0.0,0.0,0.0,0.0,0.0,Brighton
179,Joe Knight,ENG,MF,18.0,0,0,0,0.0,0.0,0.0,0.0,0.0,0.0,0.0,0.0,0.0,Brighton
180,Ruairi Mcconville,NIR,DF,19.0,0,0,0,0.0,0.0,0.0,0.0,0.0,0.0,0.0,0.0,0.0,Brighton
181,Mark O'Mahony,IRL,FW,19.0,0,0,0,0.0,0.0,0.0,0.0,0.0,0.0,0.0,0.0,0.0,Brighton
182,Carl Rushworth,ENG,GK,23.0,0,0,0,0.0,0.0,0.0,0.0,0.0,0.0,0.0,0.0,0.0,Brighton
183,Imari Samuels,ENG,DF,21.0,0,0,0,0.0,0.0,0.0,0.0,0.0,0.0,0.0,0.0,0.0,Brighton
184,Freddie Simmonds,ENG,DF,16.0,0,0,0,0.0,0.0,0.0,0.0,0.0,0.0,0.0,0.0,0.0,Brighton
185,Jacob Slater,IRL,DF,19.0,0,0,0,0.0,0.0,0.0,0.0,0.0,0.0,0.0,0.0,0.0,Brighton
186,Charlie Tasker,ENG,DF,18.0,0,0,0,0.0,0.0,0.0,0.0,0.0,0.0,0.0,0.0,0.0,Brighton
187,Moisés Caicedo,ECU,"MF,DF",22.0,38,38,3351,37.2,1.0,2.0,3.0,1.0,0.0,0.0,11.0,0.0,Chelsea
188,Cole Palmer,ENG,"MF,FW",22.0,37,36,3191,35.5,15.0,8.0,23.0,11.0,4.0,5.0,7.0,0.0,Chelsea
189,Levi Colwill,ENG,DF,21.0,35,35,3149,35.0,2.0,1.0,3.0,2.0,0.0,0.0,9.0,0.0,Chelsea
190,Marc Cucurella,ESP,DF,26.0,36,33,2988,33.2,5.0,1.0,6.0,5.0,0.0,0.0,10.0,1.0,Chelsea
191,Enzo Fernández,ARG,MF,23.0,36,32,2947,32.7,6.0,7.0,13.0,6.0,0.0,0.0,8.0,0.0,Chelsea
192,Robert Sánchez,ESP,GK,26.0,32,32,2880,32.0,0.0,0.0,0.0,0.0,0.0,0.0,5.0,0.0,Chelsea
193,Nicolas Jackson,SEN,FW,23.0,30,28,2220,24.7,10.0,5.0,15.0,10.0,0.0,0.0,7.0,1.0,Chelsea
194,Noni Madueke,ENG,FW,22.0,32,27,2033,22.6,7.0,3.0,10.0,7.0,0.0,0.0,3.0,0.0,Chelsea
195,Pedro Neto,POR,FW,24.0,35,24,2269,25.2,4.0,6.0,10.0,4.0,0.0,0.0,8.0,0.0,Chelsea
196,Malo Gusto,FRA,DF,21.0,32,19,1862,20.7,0.0,1.0,1.0,0.0,0.0,0.0,4.0,0.0,Chelsea
197,Jadon Sancho,ENG,FW,24.0,31,19,1764,19.6,3.0,4.0,7.0,3.0,0.0,0.0,2.0,0.0,Chelsea
198,Tosin Adarabioyo,ENG,DF,26.0,22,15,1409,15.7,1.0,1.0,2.0,1.0,0.0,0.0,4.0,0.0,Chelsea
199,Wesley Fofana,FRA,DF,23.0,14,14,1172,13.0,0.0,0.0,0.0,0.0,0.0,0.0,7.0,0.0,Chelsea
200,Reece James,ENG,"DF,MF",24.0,19,12,1063,11.8,1.0,1.0,2.0,1.0,0.0,0.0,1.0,0.0,Chelsea
201,Trevoh Chalobah,ENG,DF,25.0,13,11,910,10.1,0.0,1.0,1.0,0.0,0.0,0.0,2.0,0.0,Chelsea
202,Roméo Lavia,BEL,MF,20.0,16,11,797,8.9,0.0,1.0,1.0,0.0,0.0,0.0,4.0,0.0,Chelsea
203,Christopher Nkunku,FRA,FW,26.0,27,9,921,10.2,3.0,2.0,5.0,3.0,0.0,0.0,2.0,0.0,Chelsea
204,Filip Jørgensen,DEN,GK,22.0,6,6,540,6.0,0.0,0.0,0.0,0.0,0.0,0.0,0.0,0.0,Chelsea
205,Axel Disasi,FRA,DF,26.0,6,4,364,4.0,1.0,0.0,1.0,1.0,0.0,0.0,1.0,0.0,Chelsea
206,João Félix,POR,"FW,MF",24.0,12,3,369,4.1,1.0,1.0,2.0,1.0,0.0,0.0,2.0,0.0,Chelsea
207,Benoît Badiashile,FRA,DF,23.0,5,3,334,3.7,0.0,0.0,0.0,0.0,0.0,0.0,0.0,0.0,Chelsea
208,Kiernan Dewsbury-Hall,ENG,"MF,FW",25.0,13,2,264,2.9,0.0,1.0,1.0,0.0,0.0,0.0,0.0,0.0,Chelsea
209,Joshua Acheampong,ENG,DF,18.0,4,2,170,1.9,0.0,0.0,0.0,0.0,0.0,0.0,1.0,0.0,Chelsea
210,Tyrique George,ENG,FW,18.0,8,1,183,2.0,1.0,1.0,2.0,1.0,0.0,0.0,1.0,0.0,Chelsea
211,Renato Veiga,POR,"DF,MF",21.0,7,1,181,2.0,0.0,0.0,0.0,0.0,0.0,0.0,2.0,0.0,Chelsea
212,Mykhailo Mudryk,UKR,FW,23.0,7,1,151,1.7,0.0,0.0,0.0,0.0,0.0,0.0,0.0,0.0,Chelsea
213,Marc Guiu,ESP,FW,18.0,3,0,73,0.8,0.0,0.0,0.0,0.0,0.0,0.0,0.0,0.0,Chelsea
214,Mathis Amougou,FRA,MF,18.0,1,0,8,0.1,0.0,0.0,0.0,0.0,0.0,0.0,0.0,0.0,Chelsea
215,Shumaira Mheuka,ENG,MF,16.0,1,0,1,0.0,0.0,0.0,0.0,0.0,0.0,0.0,0.0,0.0,Chelsea
216,Aaron Anselmino,ARG,DF,19.0,0,0,0,0.0,0.0,0.0,0.0,0.0,0.0,0.0,0.0,0.0,Chelsea
217,Genesis Antwi,SWE,MF,17.0,0,0,0,0.0,0.0,0.0,0.0,0.0,0.0,0.0,0.0,0.0,Chelsea
218,Marcus Bettinelli,ENG,GK,32.0,0,0,0,0.0,0.0,0.0,0.0,0.0,0.0,0.0,0.0,0.0,Chelsea
219,Cesare Casadei,ITA,MF,21.0,0,0,0,0.0,0.0,0.0,0.0,0.0,0.0,0.0,0.0,0.0,Chelsea
220,Samuel Rak-Sakyi,ENG,MF,19.0,0,0,0,0.0,0.0,0.0,0.0,0.0,0.0,0.0,0.0,0.0,Chelsea
221,Ishé Samuels-Smith,ENG,DF,18.0,0,0,0,0.0,0.0,0.0,0.0,0.0,0.0,0.0,0.0,0.0,Chelsea
222,Dean Henderson,ENG,GK,27.0,38,38,3420,38.0,0.0,0.0,0.0,0.0,0.0,0.0,3.0,0.0,Crystal Palace
223,Daniel Muñoz,COL,DF,28.0,37,37,3228,35.9,4.0,5.0,9.0,4.0,0.0,0.0,10.0,0.0,Crystal Palace
224,Tyrick Mitchell,ENG,DF,24.0,37,37,3092,34.4,0.0,5.0,5.0,0.0,0.0,0.0,2.0,0.0,Crystal Palace
225,Maxence Lacroix,FRA,DF,24.0,35,35,3116,34.6,1.0,1.0,2.0,1.0,0.0,0.0,5.0,0.0,Crystal Palace
226,Marc Guéhi,ENG,DF,24.0,34,34,3059,34.0,3.0,2.0,5.0,3.0,0.0,0.0,9.0,1.0,Crystal Palace
227,Jean-Philippe Mateta,FRA,FW,27.0,37,33,2648,29.4,14.0,2.0,16.0,12.0,2.0,2.0,2.0,0.0,Crystal Palace
228,Eberechi Eze,ENG,"MF,FW",26.0,34,31,2588,28.8,8.0,8.0,16.0,7.0,1.0,2.0,1.0,0.0,Crystal Palace
229,Ismaila Sarr,SEN,MF,26.0,38,30,2711,30.1,8.0,6.0,14.0,8.0,0.0,0.0,4.0,0.0,Crystal Palace
230,Jefferson Lerma,COL,"MF,DF",29.0,33,26,2274,25.3,0.0,1.0,1.0,0.0,0.0,0.0,9.0,0.0,Crystal Palace
231,Will Hughes,ENG,MF,29.0,33,24,2108,23.4,0.0,3.0,3.0,0.0,0.0,0.0,11.0,0.0,Crystal Palace
232,Chris Richards,USA,DF,24.0,24,22,1922,21.4,1.0,0.0,1.0,1.0,0.0,0.0,4.0,1.0,Crystal Palace
233,Adam Wharton,ENG,MF,20.0,20,16,1318,14.6,0.0,2.0,2.0,0.0,0.0,0.0,2.0,0.0,Crystal Palace
234,Daichi Kamada,JPN,MF,27.0,34,15,1564,17.4,0.0,0.0,0.0,0.0,0.0,0.0,4.0,1.0,Crystal Palace
235,Trevoh Chalobah,ENG,DF,25.0,12,12,1060,11.8,3.0,0.0,3.0,3.0,0.0,0.0,1.0,0.0,Crystal Palace
236,Eddie Nketiah,ENG,"FW,MF",25.0,29,9,1034,11.5,3.0,1.0,4.0,3.0,0.0,0.0,6.0,1.0,Crystal Palace
237,Nathaniel Clyne,ENG,"DF,MF",33.0,13,5,483,5.4,0.0,0.0,0.0,0.0,0.0,0.0,1.0,0.0,Crystal Palace
238,Justin Devenny,NIR,MF,20.0,23,4,507,5.6,1.0,1.0,2.0,1.0,0.0,0.0,1.0,0.0,Crystal Palace
239,Cheick Doucouré,MLI,MF,24.0,13,4,452,5.0,0.0,0.0,0.0,0.0,0.0,0.0,1.0,0.0,Crystal Palace
240,Ben Chilwell,ENG,DF,27.0,8,1,259,2.9,1.0,0.0,1.0,1.0,0.0,0.0,1.0,0.0,Crystal Palace
241,Romain Esse,ENG,MF,19.0,7,1,138,1.5,1.0,1.0,2.0,1.0,0.0,0.0,0.0,0.0,Crystal Palace
242,Odsonne Édouard,FRA,"MF,FW",26.0,2,1,115,1.3,0.0,0.0,0.0,0.0,0.0,0.0,0.0,0.0,Crystal Palace
243,Joachim Andersen,DEN,DF,28.0,1,1,90,1.0,0.0,0.0,0.0,0.0,0.0,0.0,1.0,0.0,Crystal Palace
244,Chadi Riad,MAR,DF,21.0,1,1,90,1.0,0.0,0.0,0.0,0.0,0.0,0.0,0.0,0.0,Crystal Palace
245,Joel Ward,ENG,DF,34.0,2,1,71,0.8,0.0,0.0,0.0,0.0,0.0,0.0,1.0,0.0,Crystal Palace
246,Jeffrey Schlupp,GHA,"MF,DF",31.0,12,0,103,1.1,0.0,0.0,0.0,0.0,0.0,0.0,0.0,0.0,Crystal Palace
247,Matheus França,BRA,"MF,FW",20.0,4,0,55,0.6,1.0,0.0,1.0,1.0,0.0,0.0,0.0,0.0,Crystal Palace
248,Jordan Ayew,GHA,"FW,MF",32.0,1,0,21,0.2,0.0,0.0,0.0,0.0,0.0,0.0,1.0,0.0,Crystal Palace
249,Caleb Kporha,ENG,DF,18.0,2,0,13,0.1,0.0,0.0,0.0,0.0,0.0,0.0,0.0,0.0,Crystal Palace
250,Asher Agbinone,ENG,MF,18.0,2,0,6,0.1,0.0,0.0,0.0,0.0,0.0,0.0,0.0,0.0,Crystal Palace
251,Naouirou Ahamada,FRA,MF,22.0,0,0,0,0.0,0.0,0.0,0.0,0.0,0.0,0.0,0.0,0.0,Crystal Palace
252,Rob Holding,ENG,DF,28.0,0,0,0,0.0,0.0,0.0,0.0,0.0,0.0,0.0,0.0,0.0,Crystal Palace
253,Sam Johnstone,ENG,GK,31.0,0,0,0,0.0,0.0,0.0,0.0,0.0,0.0,0.0,0.0,0.0,Crystal Palace
254,Zachariah Marsh,ENG,FW,18.0,0,0,0,0.0,0.0,0.0,0.0,0.0,0.0,0.0,0.0,0.0,Crystal Palace
255,Remi Matthews,ENG,GK,30.0,0,0,0,0.0,0.0,0.0,0.0,0.0,0.0,0.0,0.0,0.0,Crystal Palace
256,Kaden Rodney,ENG,"DF,MF",19.0,0,0,0,0.0,0.0,0.0,0.0,0.0,0.0,0.0,0.0,0.0,Crystal Palace
257,Matt Turner,USA,GK,30.0,0,0,0,0.0,0.0,0.0,0.0,0.0,0.0,0.0,0.0,0.0,Crystal Palace
258,Franco Umeh-Chibueze,IRL,MF,19.0,0,0,0,0.0,0.0,0.0,0.0,0.0,0.0,0.0,0.0,0.0,Crystal Palace
259,Jordan Pickford,ENG,GK,30.0,38,38,3420,38.0,0.0,1.0,1.0,0.0,0.0,0.0,7.0,0.0,Everton
260,Vitaliy Mykolenko,UKR,DF,25.0,35,35,3082,34.2,1.0,2.0,3.0,1.0,0.0,0.0,4.0,0.0,Everton
261,Idrissa Gana Gueye,SEN,MF,34.0,37,35,3063,34.0,0.0,3.0,3.0,0.0,0.0,0.0,9.0,0.0,Everton
262,James Tarkowski,ENG,DF,31.0,33,33,2922,32.5,1.0,1.0,2.0,1.0,0.0,0.0,6.0,0.0,Everton
263,Abdoulaye Doucouré,MLI,MF,31.0,33,31,2564,28.5,3.0,2.0,5.0,3.0,0.0,0.0,5.0,1.0,Everton
264,Iliman Ndiaye,SEN,FW,24.0,33,29,2430,27.0,9.0,0.0,9.0,7.0,2.0,2.0,3.0,0.0,Everton
265,Jarrad Branthwaite,ENG,DF,22.0,30,28,2511,27.9,0.0,1.0,1.0,0.0,0.0,0.0,4.0,0.0,Everton
266,Jack Harrison,ENG,FW,27.0,34,24,2076,23.1,1.0,0.0,1.0,1.0,0.0,0.0,0.0,0.0,Everton
267,Ashley Young,ENG,DF,39.0,32,19,1875,20.8,1.0,3.0,4.0,1.0,0.0,0.0,7.0,1.0,Everton
268,Dominic Calvert-Lewin,ENG,FW,27.0,26,19,1609,17.9,3.0,1.0,4.0,3.0,0.0,0.0,2.0,0.0,Everton
269,James Garner,ENG,"MF,DF",23.0,21,17,1594,17.7,0.0,1.0,1.0,0.0,0.0,0.0,5.0,0.0,Everton
270,Jake O'Brien,IRL,DF,23.0,20,17,1571,17.5,2.0,0.0,2.0,2.0,0.0,0.0,5.0,0.0,Everton
271,Beto,GNB,FW,26.0,30,15,1534,17.0,8.0,0.0,8.0,8.0,0.0,0.0,2.0,0.0,Everton
272,Dwight McNeil,ENG,"MF,FW",24.0,21,15,1371,15.2,4.0,6.0,10.0,4.0,0.0,0.0,1.0,0.0,Everton
273,Jesper Lindstrøm,DEN,FW,24.0,25,15,1239,13.8,0.0,1.0,1.0,0.0,0.0,0.0,2.0,0.0,Everton
274,Orel Mangala,BEL,MF,26.0,19,14,1261,14.0,1.0,0.0,1.0,1.0,0.0,0.0,2.0,0.0,Everton
275,Michael Keane,ENG,DF,31.0,14,11,1049,11.7,3.0,0.0,3.0,3.0,0.0,0.0,5.0,0.0,Everton
276,Carlos Alcaraz,ARG,"FW,MF",21.0,15,7,764,8.5,2.0,3.0,5.0,2.0,0.0,0.0,4.0,0.0,Everton
277,Tim Iroegbunam,ENG,MF,21.0,18,5,574,6.4,0.0,1.0,1.0,0.0,0.0,0.0,4.0,0.0,Everton
278,Armando Broja,ALB,FW,22.0,10,4,334,3.7,0.0,0.0,0.0,0.0,0.0,0.0,1.0,0.0,Everton
279,Nathan Patterson,SCO,DF,22.0,10,3,347,3.9,0.0,1.0,1.0,0.0,0.0,0.0,1.0,0.0,Everton
280,Séamus Coleman,IRL,DF,35.0,5,3,215,2.4,0.0,0.0,0.0,0.0,0.0,0.0,1.0,0.0,Everton
281,Roman Dixon,ENG,DF,19.0,1,1,90,1.0,0.0,0.0,0.0,0.0,0.0,0.0,0.0,0.0,Everton
282,Harrison Armstrong,ENG,MF,17.0,3,0,48,0.5,0.0,0.0,0.0,0.0,0.0,0.0,1.0,0.0,Everton
283,Youssef Chermiti,POR,"FW,MF",20.0,4,0,45,0.5,0.0,0.0,0.0,0.0,0.0,0.0,1.0,0.0,Everton
284,Mason Holgate,JAM,"FW,DF",27.0,1,0,6,0.1,0.0,0.0,0.0,0.0,0.0,0.0,0.0,0.0,Everton
285,Callum Bates,ENG,MF,18.0,0,0,0,0.0,0.0,0.0,0.0,0.0,0.0,0.0,0.0,0.0,Everton
286,Asmir Begović,BIH,GK,37.0,0,0,0,0.0,0.0,0.0,0.0,0.0,0.0,0.0,0.0,0.0,Everton
287,Coby Ebere,GER,MF,18.0,0,0,0,0.0,0.0,0.0,0.0,0.0,0.0,0.0,0.0,0.0,Everton
288,Isaac Heath,ENG,MF,19.0,0,0,0,0.0,0.0,0.0,0.0,0.0,0.0,0.0,0.0,0.0,Everton
289,Neal Maupay,FRA,"FW,MF",27.0,0,0,0,0.0,0.0,0.0,0.0,0.0,0.0,0.0,0.0,0.0,Everton
290,Jenson Metcalfe,ENG,MF,19.0,0,0,0,0.0,0.0,0.0,0.0,0.0,0.0,0.0,0.0,0.0,Everton
291,Martin Sherif,NED,FW,18.0,0,0,0,0.0,0.0,0.0,0.0,0.0,0.0,0.0,0.0,0.0,Everton
292,João Virgínia,POR,GK,24.0,0,0,0,0.0,0.0,0.0,0.0,0.0,0.0,0.0,0.0,0.0,Everton
293,Reece Welch,ENG,DF,20.0,0,0,0,0.0,0.0,0.0,0.0,0.0,0.0,0.0,0.0,0.0,Everton
294,Bernd Leno,GER,GK,32.0,38,38,3420,38.0,0.0,1.0,1.0,0.0,0.0,0.0,5.0,0.0,Fulham
295,Antonee Robinson,USA,DF,26.0,36,35,3167,35.2,0.0,10.0,10.0,0.0,0.0,0.0,8.0,0.0,Fulham
296,Alex Iwobi,NGA,"FW,MF",28.0,38,35,2981,33.1,9.0,6.0,15.0,9.0,0.0,0.0,1.0,0.0,Fulham
297,Calvin Bassey,NGA,DF,24.0,35,34,3074,34.2,1.0,0.0,1.0,1.0,0.0,0.0,7.0,0.0,Fulham
298,Raúl Jiménez,MEX,FW,33.0,38,30,2494,27.7,12.0,3.0,15.0,9.0,3.0,3.0,4.0,0.0,Fulham
299,Joachim Andersen,DEN,DF,28.0,29,29,2583,28.7,0.0,0.0,0.0,0.0,0.0,0.0,6.0,1.0,Fulham
300,Saša Lukić,SRB,MF,27.0,30,28,2344,26.0,0.0,2.0,2.0,0.0,0.0,0.0,12.0,0.0,Fulham
301,Sander Berge,NOR,MF,26.0,31,26,2224,24.7,0.0,0.0,0.0,0.0,0.0,0.0,6.0,0.0,Fulham
302,Emile Smith Rowe,ENG,MF,24.0,34,25,2043,22.7,6.0,3.0,9.0,6.0,0.0,0.0,3.0,0.0,Fulham
303,Andreas Pereira,BRA,MF,28.0,33,25,2013,22.4,2.0,4.0,6.0,2.0,0.0,1.0,7.0,0.0,Fulham
304,Kenny Tete,NED,DF,28.0,22,21,1774,19.7,0.0,2.0,2.0,0.0,0.0,0.0,5.0,0.0,Fulham
305,Adama Traoré,ESP,"FW,MF",28.0,36,18,1772,19.7,2.0,7.0,9.0,2.0,0.0,0.0,3.0,0.0,Fulham
306,Timothy Castagne,BEL,DF,28.0,24,17,1649,18.3,0.0,1.0,1.0,0.0,0.0,0.0,1.0,0.0,Fulham
307,Issa Diop,FRA,DF,27.0,21,15,1339,14.9,0.0,0.0,0.0,0.0,0.0,0.0,2.0,0.0,Fulham
308,Harry Wilson,WAL,"FW,MF",27.0,25,12,1162,12.9,6.0,1.0,7.0,6.0,0.0,0.0,2.0,0.0,Fulham
309,Rodrigo Muniz,BRA,FW,23.0,31,8,964,10.7,8.0,1.0,9.0,8.0,0.0,0.0,1.0,0.0,Fulham
310,Ryan Sessegnon,ENG,"FW,DF",24.0,16,7,580,6.4,4.0,2.0,6.0,4.0,0.0,0.0,1.0,0.0,Fulham
311,Reiss Nelson,ENG,FW,24.0,11,5,487,5.4,1.0,1.0,2.0,1.0,0.0,0.0,1.0,0.0,Fulham
312,Jorge Cuenca,ESP,DF,24.0,8,4,351,3.9,0.0,0.0,0.0,0.0,0.0,0.0,0.0,0.0,Fulham
313,Tom Cairney,SCO,MF,33.0,25,3,628,7.0,2.0,0.0,2.0,2.0,0.0,0.0,3.0,1.0,Fulham
314,Willian,BRA,"FW,MF",35.0,10,2,257,2.9,0.0,0.0,0.0,0.0,0.0,0.0,0.0,0.0,Fulham
315,Joshua King,ENG,MF,17.0,8,1,130,1.4,0.0,0.0,0.0,0.0,0.0,0.0,0.0,0.0,Fulham
316,Harrison Reed,ENG,MF,29.0,12,0,108,1.2,0.0,0.0,0.0,0.0,0.0,0.0,2.0,0.0,Fulham
317,Martial Godo,ENG,"FW,DF",21.0,2,0,24,0.3,0.0,0.0,0.0,0.0,0.0,0.0,0.0,0.0,Fulham
318,Carlos Vinícius,BRA,"MF,FW",29.0,3,0,16,0.2,0.0,0.0,0.0,0.0,0.0,0.0,0.0,0.0,Fulham
319,Jay Stansfield,ENG,MF,21.0,1,0,1,0.0,0.0,0.0,0.0,0.0,0.0,0.0,0.0,0.0,Fulham
320,Samuel Amissah,ENG,DF,17.0,0,0,0,0.0,0.0,0.0,0.0,0.0,0.0,0.0,0.0,0.0,Fulham
321,Steven Benda,GER,GK,25.0,0,0,0,0.0,0.0,0.0,0.0,0.0,0.0,0.0,0.0,0.0,Fulham
322,Dara O'Shea,IRL,DF,25.0,35,35,3122,34.7,0.0,2.0,2.0,0.0,0.0,0.0,6.0,0.0,Ipswich Town
323,Leif Davis,ENG,DF,24.0,33,32,2743,30.5,1.0,2.0,3.0,1.0,0.0,0.0,5.0,1.0,Ipswich Town
324,Liam Delap,ENG,FW,21.0,37,32,2593,28.8,12.0,2.0,14.0,10.0,2.0,2.0,12.0,0.0,Ipswich Town
325,Sam Morsy,EGY,MF,32.0,33,31,2751,30.6,1.0,1.0,2.0,1.0,0.0,0.0,10.0,0.0,Ipswich Town
326,Omari Hutchinson,ENG,"MF,FW",20.0,31,30,2583,28.7,3.0,2.0,5.0,3.0,0.0,0.0,5.0,0.0,Ipswich Town
327,Jacob Greaves,ENG,DF,23.0,25,25,2205,24.5,1.0,0.0,1.0,1.0,0.0,0.0,5.0,0.0,Ipswich Town
328,Jens Cajuste,SWE,MF,24.0,30,25,1959,21.8,1.0,1.0,2.0,1.0,0.0,0.0,2.0,0.0,Ipswich Town
329,Axel Tuanzebe,COD,DF,26.0,22,20,1710,19.0,0.0,1.0,1.0,0.0,0.0,0.0,5.0,1.0,Ipswich Town
330,Arijanet Muric,KVX,GK,25.0,18,18,1620,18.0,0.0,0.0,0.0,0.0,0.0,0.0,1.0,0.0,Ipswich Town
331,Cameron Burgess,AUS,DF,28.0,18,16,1541,17.1,0.0,2.0,2.0,0.0,0.0,0.0,0.0,0.0,Ipswich Town
332,Ben Johnson,ENG,"DF,FW",24.0,23,14,1354,15.0,1.0,2.0,3.0,1.0,0.0,0.0,5.0,1.0,Ipswich Town
333,Kalvin Phillips,ENG,MF,28.0,19,14,1237,13.7,0.0,0.0,0.0,0.0,0.0,0.0,6.0,1.0,Ipswich Town
334,Alex Palmer,ENG,GK,27.0,13,13,1170,13.0,0.0,0.0,0.0,0.0,0.0,0.0,2.0,0.0,Ipswich Town
335,Sammie Szmodics,IRL,"FW,MF",28.0,20,13,992,11.0,4.0,0.0,4.0,4.0,0.0,0.0,2.0,0.0,Ipswich Town
336,Luke Woolfenden,ENG,DF,25.0,15,12,1187,13.2,0.0,0.0,0.0,0.0,0.0,0.0,2.0,0.0,Ipswich Town
337,Jack Clarke,ENG,"FW,MF",23.0,32,12,1181,13.1,0.0,4.0,4.0,0.0,0.0,0.0,2.0,0.0,Ipswich Town
338,Wes Burns,WAL,"FW,DF",29.0,18,12,926,10.3,0.0,1.0,1.0,0.0,0.0,0.0,1.0,0.0,Ipswich Town
339,Julio Enciso,PAR,"MF,FW",20.0,13,12,869,9.7,2.0,3.0,5.0,2.0,0.0,0.0,3.0,0.0,Ipswich Town
340,Conor Chaplin,ENG,"MF,FW",27.0,22,10,857,9.5,1.0,1.0,2.0,1.0,0.0,0.0,2.0,0.0,Ipswich Town
341,Nathan Broadhead,WAL,"MF,FW",26.0,18,7,702,7.8,2.0,0.0,2.0,2.0,0.0,0.0,1.0,0.0,Ipswich Town
342,Christian Walton,ENG,GK,28.0,7,7,630,7.0,0.0,0.0,0.0,0.0,0.0,0.0,0.0,0.0,Ipswich Town
343,George Hirst,SCO,FW,25.0,26,5,661,7.3,3.0,1.0,4.0,3.0,0.0,0.0,3.0,0.0,Ipswich Town
344,Jaden Philogene Bidace,ENG,"FW,DF",22.0,10,5,474,5.3,2.0,0.0,2.0,2.0,0.0,0.0,1.0,0.0,Ipswich Town
345,Jack Taylor,IRL,MF,26.0,32,4,860,9.6,1.0,0.0,1.0,1.0,0.0,0.0,4.0,0.0,Ipswich Town
346,Harry Clarke,ENG,DF,23.0,7,4,379,4.2,0.0,0.0,0.0,0.0,0.0,0.0,3.0,1.0,Ipswich Town
347,Conor Townsend,ENG,DF,31.0,6,3,335,3.7,0.0,1.0,1.0,0.0,0.0,0.0,1.0,0.0,Ipswich Town
348,Chiedozie Ogbene,IRL,FW,27.0,5,3,238,2.6,0.0,0.0,0.0,0.0,0.0,0.0,0.0,0.0,Ipswich Town
349,Massimo Luongo,AUS,MF,31.0,11,2,201,2.2,0.0,0.0,0.0,0.0,0.0,0.0,0.0,0.0,Ipswich Town
350,Ben Godfrey,ENG,DF,26.0,3,2,159,1.8,0.0,0.0,0.0,0.0,0.0,0.0,1.0,0.0,Ipswich Town
351,Ali Al Hamadi,IRQ,FW,22.0,11,0,134,1.5,0.0,0.0,0.0,0.0,0.0,0.0,3.0,0.0,Ipswich Town
352,Marcus Harness,ENG,MF,28.0,2,0,45,0.5,0.0,0.0,0.0,0.0,0.0,0.0,0.0,0.0,Ipswich Town
353,George Edmundson,ENG,DF,26.0,1,0,2,0.0,0.0,0.0,0.0,0.0,0.0,0.0,0.0,0.0,Ipswich Town
354,Somto Boniface,ENG,DF,18.0,0,0,0,0.0,0.0,0.0,0.0,0.0,0.0,0.0,0.0,0.0,Ipswich Town
355,Cieran Slicker,SCO,GK,21.0,0,0,0,0.0,0.0,0.0,0.0,0.0,0.0,0.0,0.0,0.0,Ipswich Town
356,Tom Taylor,Inconnu,MF,0.0,0,0,0,0.0,0.0,0.0,0.0,0.0,0.0,0.0,0.0,0.0,Ipswich Town
357,Jamie Vardy,ENG,FW,37.0,35,35,2823,31.4,9.0,4.0,13.0,8.0,1.0,2.0,5.0,0.0,Leicester City
358,James Justin,ENG,DF,26.0,36,34,2912,32.4,2.0,2.0,4.0,2.0,0.0,0.0,6.0,0.0,Leicester City
359,Wout Faes,BEL,DF,26.0,34,30,2815,31.3,1.0,0.0,1.0,1.0,0.0,0.0,4.0,0.0,Leicester City
360,Victor Bernth Kristiansen,DEN,DF,21.0,30,29,2482,27.6,0.0,1.0,1.0,0.0,0.0,0.0,1.0,0.0,Leicester City
361,Wilfred Ndidi,NGA,MF,27.0,28,28,2324,25.8,0.0,5.0,5.0,0.0,0.0,0.0,8.0,0.0,Leicester City
362,Mads Hermansen,DEN,GK,24.0,27,27,2385,26.5,0.0,0.0,0.0,0.0,0.0,0.0,1.0,0.0,Leicester City
363,Bilal El Khannouss,MAR,"MF,FW",20.0,32,27,2182,24.2,2.0,3.0,5.0,2.0,0.0,0.0,4.0,0.0,Leicester City
364,Boubakary Soumaré,FRA,MF,25.0,31,25,2171,24.1,0.0,0.0,0.0,0.0,0.0,0.0,8.0,0.0,Leicester City
365,Conor Coady,ENG,DF,31.0,22,19,1714,19.0,1.0,0.0,1.0,1.0,0.0,0.0,3.0,0.0,Leicester City
366,Jordan Ayew,GHA,"FW,MF",32.0,30,19,1638,18.2,5.0,0.0,5.0,4.0,1.0,1.0,5.0,0.0,Leicester City
367,Harry Winks,ENG,MF,28.0,22,17,1538,17.1,0.0,2.0,2.0,0.0,0.0,0.0,4.0,0.0,Leicester City
368,Stephy Mavididi,ENG,FW,26.0,30,16,1615,17.9,4.0,1.0,5.0,4.0,0.0,0.0,2.0,0.0,Leicester City
369,Jannik Vestergaard,DEN,DF,31.0,18,16,1391,15.5,0.0,0.0,0.0,0.0,0.0,0.0,5.0,0.0,Leicester City
370,Facundo Buonanotte,ARG,"FW,MF",19.0,31,14,1523,16.9,5.0,2.0,7.0,5.0,0.0,0.0,8.0,0.0,Leicester City
371,Luke Thomas,ENG,DF,23.0,14,13,1110,12.3,0.0,0.0,0.0,0.0,0.0,0.0,3.0,0.0,Leicester City
372,Caleb Okoli,ITA,DF,23.0,19,12,1125,12.5,1.0,0.0,1.0,1.0,0.0,0.0,4.0,0.0,Leicester City
373,Oliver Skipp,ENG,MF,23.0,24,10,1129,12.5,0.0,0.0,0.0,0.0,0.0,0.0,8.0,0.0,Leicester City
374,Jakub Stolarczyk,POL,GK,23.0,10,10,900,10.0,0.0,0.0,0.0,0.0,0.0,0.0,1.0,0.0,Leicester City
375,Kasey McAteer,IRL,FW,22.0,18,9,852,9.5,1.0,1.0,2.0,1.0,0.0,0.0,3.0,0.0,Leicester City
376,Bobby De Cordova-Reid,JAM,FW,31.0,23,9,744,8.3,1.0,2.0,3.0,1.0,0.0,0.0,2.0,0.0,Leicester City
377,Patson Daka,ZAM,"FW,MF",25.0,23,6,736,8.2,1.0,0.0,1.0,1.0,0.0,0.0,0.0,0.0,Leicester City
378,Abdul Fatawu Issahaku,GHA,FW,20.0,11,6,579,6.4,0.0,2.0,2.0,0.0,0.0,0.0,0.0,0.0,Leicester City
379,Ricardo Pereira,POR,DF,30.0,10,4,388,4.3,0.0,0.0,0.0,0.0,0.0,0.0,1.0,0.0,Leicester City
380,Danny Ward,WAL,GK,31.0,2,1,135,1.5,0.0,0.0,0.0,0.0,0.0,0.0,0.0,0.0,Leicester City
381,Hamza Choudhury,BAN,"MF,DF",26.0,4,1,131,1.5,0.0,0.0,0.0,0.0,0.0,0.0,0.0,0.0,Leicester City
382,Woyo Coulibaly,MLI,DF,25.0,4,1,109,1.2,0.0,0.0,0.0,0.0,0.0,0.0,1.0,0.0,Leicester City
383,Jeremy Monga,Inconnu,"FW,MF",15.0,7,0,112,1.2,0.0,0.0,0.0,0.0,0.0,0.0,0.0,0.0,Leicester City
384,Odsonne Édouard,FRA,FW,26.0,4,0,29,0.3,0.0,0.0,0.0,0.0,0.0,0.0,0.0,0.0,Leicester City
385,Jake Evans,Inconnu,FW,0.0,4,0,24,0.3,0.0,0.0,0.0,0.0,0.0,0.0,0.0,0.0,Leicester City
386,Olabade Aluko,Inconnu,DF,0.0,1,0,2,0.0,0.0,0.0,0.0,0.0,0.0,0.0,0.0,0.0,Leicester City
387,Will Alves,ENG,FW,19.0,1,0,1,0.0,0.0,0.0,0.0,0.0,0.0,0.0,0.0,0.0,Leicester City
388,Michael Golding,ENG,MF,18.0,1,0,1,0.0,0.0,0.0,0.0,0.0,0.0,0.0,0.0,0.0,Leicester City
389,Sammy Braybrooke,ENG,MF,20.0,0,0,0,0.0,0.0,0.0,0.0,0.0,0.0,0.0,0.0,0.0,Leicester City
390,Thomas Cannon,IRL,FW,21.0,0,0,0,0.0,0.0,0.0,0.0,0.0,0.0,0.0,0.0,0.0,Leicester City
391,Henry Cartwright,ENG,MF,19.0,0,0,0,0.0,0.0,0.0,0.0,0.0,0.0,0.0,0.0,0.0,Leicester City
392,Daniel Iversen,DEN,GK,27.0,0,0,0,0.0,0.0,0.0,0.0,0.0,0.0,0.0,0.0,0.0,Leicester City
393,Benjamin Nelson,ENG,DF,20.0,0,0,0,0.0,0.0,0.0,0.0,0.0,0.0,0.0,0.0,0.0,Leicester City
394,Thomas Wilson-Brown,ENG,DF,19.0,0,0,0,0.0,0.0,0.0,0.0,0.0,0.0,0.0,0.0,0.0,Leicester City
395,Mohamed Salah,EGY,FW,32.0,38,38,3371,37.5,29.0,18.0,47.0,20.0,9.0,9.0,1.0,0.0,Liverpool
396,Virgil van Dijk,NED,DF,33.0,37,37,3330,37.0,3.0,1.0,4.0,3.0,0.0,0.0,5.0,0.0,Liverpool
397,Ryan Gravenberch,NED,MF,22.0,37,37,3160,35.1,0.0,4.0,4.0,0.0,0.0,0.0,6.0,1.0,Liverpool
398,Alexis Mac Allister,ARG,MF,25.0,35,30,2599,28.9,5.0,5.0,10.0,5.0,0.0,0.0,6.0,0.0,Liverpool
399,Ibrahima Konaté,FRA,DF,25.0,31,30,2560,28.4,1.0,2.0,3.0,1.0,0.0,0.0,5.0,0.0,Liverpool
400,Dominik Szoboszlai,HUN,MF,23.0,36,29,2491,27.7,6.0,6.0,12.0,6.0,0.0,0.0,6.0,0.0,Liverpool
401,Andrew Robertson,SCO,DF,30.0,33,29,2482,27.6,0.0,1.0,1.0,0.0,0.0,0.0,3.0,1.0,Liverpool
402,Alisson,BRA,GK,31.0,28,28,2508,27.9,0.0,0.0,0.0,0.0,0.0,0.0,0.0,0.0,Liverpool
403,Luis Díaz,COL,FW,27.0,36,28,2399,26.7,13.0,5.0,18.0,13.0,0.0,0.0,2.0,0.0,Liverpool
404,Trent Alexander-Arnold,ENG,DF,25.0,33,28,2365,26.3,3.0,6.0,9.0,3.0,0.0,0.0,5.0,0.0,Liverpool
405,Cody Gakpo,NED,FW,25.0,35,23,1935,21.5,10.0,4.0,14.0,10.0,0.0,0.0,5.0,0.0,Liverpool
406,Curtis Jones,ENG,"MF,DF",23.0,33,19,1712,19.0,3.0,3.0,6.0,3.0,0.0,0.0,3.0,1.0,Liverpool
407,Diogo Jota,POR,FW,27.0,26,14,1196,13.3,6.0,3.0,9.0,6.0,0.0,0.0,2.0,0.0,Liverpool
408,Caoimhín Kelleher,IRL,GK,25.0,10,10,900,10.0,0.0,0.0,0.0,0.0,0.0,0.0,0.0,0.0,Liverpool
409,Kostas Tsimikas,GRE,DF,28.0,18,9,837,9.3,0.0,1.0,1.0,0.0,0.0,0.0,2.0,0.0,Liverpool
410,Darwin Núñez,URU,FW,25.0,30,8,1133,12.6,5.0,2.0,7.0,5.0,0.0,0.0,8.0,0.0,Liverpool
411,Conor Bradley,NIR,DF,21.0,19,7,754,8.4,0.0,2.0,2.0,0.0,0.0,0.0,4.0,0.0,Liverpool
412,Joe Gomez,ENG,DF,27.0,9,6,519,5.8,0.0,0.0,0.0,0.0,0.0,0.0,1.0,0.0,Liverpool
413,Jarell Quansah,ENG,DF,21.0,13,4,495,5.5,0.0,0.0,0.0,0.0,0.0,0.0,2.0,0.0,Liverpool
414,Harvey Elliott,ENG,MF,21.0,18,2,371,4.1,1.0,2.0,3.0,1.0,0.0,0.0,1.0,0.0,Liverpool
415,Wataru Endo,JPN,"MF,DF",31.0,20,1,273,3.0,0.0,0.0,0.0,0.0,0.0,0.0,0.0,0.0,Liverpool
416,Federico Chiesa,ITA,FW,26.0,6,1,108,1.2,0.0,0.0,0.0,0.0,0.0,0.0,0.0,0.0,Liverpool
417,Vitezslav Jaros,CZE,GK,23.0,1,0,12,0.1,0.0,0.0,0.0,0.0,0.0,0.0,0.0,0.0,Liverpool
418,Jayden Danns,ENG,MF,18.0,1,0,11,0.1,0.0,0.0,0.0,0.0,0.0,0.0,0.0,0.0,Liverpool
419,Harvey Davies,ENG,GK,20.0,0,0,0,0.0,0.0,0.0,0.0,0.0,0.0,0.0,0.0,0.0,Liverpool
420,James McConnell,ENG,MF,19.0,0,0,0,0.0,0.0,0.0,0.0,0.0,0.0,0.0,0.0,0.0,Liverpool
421,Tyler Morton,ENG,MF,21.0,0,0,0,0.0,0.0,0.0,0.0,0.0,0.0,0.0,0.0,0.0,Liverpool
422,Amara Nallo,ENG,DF,17.0,0,0,0,0.0,0.0,0.0,0.0,0.0,0.0,0.0,0.0,0.0,Liverpool
423,Trey Nyoni,ENG,MF,17.0,0,0,0,0.0,0.0,0.0,0.0,0.0,0.0,0.0,0.0,0.0,Liverpool
424,Joško Gvardiol,CRO,DF,22.0,37,36,3277,36.4,5.0,0.0,5.0,5.0,0.0,0.0,2.0,0.0,Manchester City
425,Erling Haaland,NOR,FW,24.0,31,31,2736,30.4,22.0,3.0,25.0,19.0,3.0,4.0,2.0,0.0,Manchester City
426,Bernardo Silva,POR,"MF,FW",29.0,33,29,2670,29.7,4.0,4.0,8.0,4.0,0.0,0.0,7.0,0.0,Manchester City
427,Ederson,BRA,GK,30.0,26,26,2320,25.8,0.0,4.0,4.0,0.0,0.0,0.0,4.0,0.0,Manchester City
428,Rúben Dias,POR,DF,27.0,27,25,2271,25.2,0.0,0.0,0.0,0.0,0.0,0.0,4.0,0.0,Manchester City
429,İlkay Gündoğan,GER,MF,33.0,33,25,2223,24.7,1.0,6.0,7.0,1.0,0.0,0.0,1.0,0.0,Manchester City
430,Mateo Kovačić,CRO,MF,30.0,31,25,2198,24.4,6.0,2.0,8.0,6.0,0.0,0.0,5.0,1.0,Manchester City
431,Manuel Akanji,SUI,DF,29.0,26,23,2014,22.4,0.0,0.0,0.0,0.0,0.0,0.0,3.0,0.0,Manchester City
432,Rico Lewis,ENG,"DF,MF",19.0,28,21,1893,21.0,1.0,2.0,3.0,1.0,0.0,0.0,5.0,1.0,Manchester City
433,Sávio,BRA,"FW,MF",20.0,29,21,1766,19.6,1.0,8.0,9.0,1.0,0.0,0.0,3.0,0.0,Manchester City
434,Phil Foden,ENG,"MF,FW",24.0,28,20,1777,19.7,7.0,2.0,9.0,7.0,0.0,0.0,2.0,0.0,Manchester City
435,Kevin De Bruyne,BEL,"MF,FW",33.0,28,19,1702,18.9,4.0,7.0,11.0,4.0,0.0,0.0,2.0,0.0,Manchester City
436,Matheus Nunes,POR,"DF,MF",25.0,26,19,1674,18.6,1.0,6.0,7.0,1.0,0.0,0.0,4.0,0.0,Manchester City
437,Jeremy Doku,BEL,"FW,MF",22.0,29,16,1516,16.8,3.0,6.0,9.0,3.0,0.0,0.0,1.0,0.0,Manchester City
438,Omar Marmoush,EGY,"FW,MF",25.0,16,14,1175,13.1,7.0,0.0,7.0,7.0,0.0,0.0,0.0,0.0,Manchester City
439,Stefan Ortega,GER,GK,31.0,13,12,1100,12.2,0.0,0.0,0.0,0.0,0.0,0.0,1.0,0.0,Manchester City
440,Kyle Walker,ENG,DF,34.0,15,9,970,10.8,0.0,0.0,0.0,0.0,0.0,0.0,3.0,0.0,Manchester City
441,Nicolás González,ESP,MF,22.0,11,9,760,8.4,1.0,0.0,1.0,1.0,0.0,0.0,3.0,0.0,Manchester City
442,Nathan Aké,NED,DF,29.0,10,8,678,7.5,0.0,0.0,0.0,0.0,0.0,0.0,0.0,0.0,Manchester City
443,Jack Grealish,ENG,"FW,MF",28.0,20,7,721,8.0,1.0,1.0,2.0,1.0,0.0,0.0,3.0,0.0,Manchester City
444,John Stones,ENG,"DF,MF",30.0,11,6,548,6.1,2.0,0.0,2.0,2.0,0.0,0.0,1.0,0.0,Manchester City
445,Nico O’Reilly,ENG,DF,19.0,9,6,528,5.9,2.0,0.0,2.0,2.0,0.0,0.0,0.0,0.0,Manchester City
446,Abdukodir Khusanov,UZB,DF,20.0,6,6,503,5.6,0.0,0.0,0.0,0.0,0.0,0.0,1.0,0.0,Manchester City
447,James Mcatee,ENG,"MF,FW",21.0,15,3,349,3.9,3.0,0.0,3.0,3.0,0.0,0.0,1.0,0.0,Manchester City
448,Jahmai Simpson-Pusey,ENG,DF,18.0,2,1,96,1.1,0.0,0.0,0.0,0.0,0.0,0.0,1.0,0.0,Manchester City
449,Rodri,ESP,MF,28.0,3,1,73,0.8,0.0,0.0,0.0,0.0,0.0,0.0,0.0,0.0,Manchester City
450,Divin Mubama,ENG,FW,19.0,1,0,28,0.3,0.0,0.0,0.0,0.0,0.0,0.0,0.0,0.0,Manchester City
451,Oscar Bobb,NOR,FW,21.0,3,0,16,0.2,0.0,0.0,0.0,0.0,0.0,0.0,0.0,0.0,Manchester City
452,Claudio Echeverri,ARG,FW,18.0,1,0,6,0.1,0.0,0.0,0.0,0.0,0.0,0.0,0.0,0.0,Manchester City
453,Vitor Reis,BRA,DF,18.0,1,0,1,0.0,0.0,0.0,0.0,0.0,0.0,0.0,0.0,0.0,Manchester City
454,Max Alleyne,ENG,DF,19.0,0,0,0,0.0,0.0,0.0,0.0,0.0,0.0,0.0,0.0,0.0,Manchester City
455,Thorsten Brits,ENG,GK,17.0,0,0,0,0.0,0.0,0.0,0.0,0.0,0.0,0.0,0.0,0.0,Manchester City
456,Scott Carson,ENG,GK,38.0,0,0,0,0.0,0.0,0.0,0.0,0.0,0.0,0.0,0.0,0.0,Manchester City
457,Issa Kaboré,BFA,"DF,MF",23.0,0,0,0,0.0,0.0,0.0,0.0,0.0,0.0,0.0,0.0,0.0,Manchester City
458,Josh Wilson-Esbrand,ENG,DF,21.0,0,0,0,0.0,0.0,0.0,0.0,0.0,0.0,0.0,0.0,0.0,Manchester City
459,Jacob Wright,ENG,MF,18.0,0,0,0,0.0,0.0,0.0,0.0,0.0,0.0,0.0,0.0,0.0,Manchester City
460,Bruno Fernandes,POR,MF,29.0,36,35,3018,33.5,8.0,10.0,18.0,5.0,3.0,3.0,5.0,2.0,Manchester Utd
461,André Onana,CMR,GK,28.0,34,34,3060,34.0,0.0,0.0,0.0,0.0,0.0,0.0,0.0,0.0,Manchester Utd
462,Noussair Mazraoui,MAR,DF,26.0,37,34,2838,31.5,0.0,1.0,1.0,0.0,0.0,0.0,3.0,0.0,Manchester Utd
463,Diogo Dalot,POR,DF,25.0,33,31,2814,31.3,0.0,3.0,3.0,0.0,0.0,0.0,5.0,0.0,Manchester Utd
464,Matthijs de Ligt,NED,DF,24.0,29,25,2123,23.6,2.0,0.0,2.0,2.0,0.0,0.0,3.0,0.0,Manchester Utd
465,Alejandro Garnacho,ARG,"MF,FW",20.0,36,23,2199,24.4,6.0,2.0,8.0,6.0,0.0,0.0,3.0,0.0,Manchester Utd
466,Rasmus Højlund,DEN,FW,21.0,32,23,2004,22.3,4.0,0.0,4.0,4.0,0.0,0.0,2.0,0.0,Manchester Utd
467,Manuel Ugarte,URU,MF,23.0,29,22,1785,19.8,1.0,2.0,3.0,1.0,0.0,0.0,11.0,0.0,Manchester Utd
468,Amad Diallo,CIV,"MF,FW",22.0,26,20,1901,21.1,8.0,6.0,14.0,8.0,0.0,0.0,5.0,0.0,Manchester Utd
469,Lisandro Martínez,ARG,DF,26.0,20,20,1751,19.5,2.0,1.0,3.0,2.0,0.0,0.0,7.0,0.0,Manchester Utd
470,Harry Maguire,ENG,DF,31.0,27,19,1758,19.5,1.0,0.0,1.0,1.0,0.0,0.0,7.0,0.0,Manchester Utd
471,Kobbie Mainoo,ENG,MF,19.0,25,19,1651,18.3,0.0,0.0,0.0,0.0,0.0,0.0,5.0,0.0,Manchester Utd
472,Casemiro,BRA,MF,32.0,24,18,1494,16.6,1.0,0.0,1.0,1.0,0.0,0.0,5.0,0.0,Manchester Utd
473,Joshua Zirkzee,NED,"FW,MF",23.0,32,14,1402,15.6,3.0,1.0,4.0,3.0,0.0,0.0,2.0,0.0,Manchester Utd
474,Leny Yoro,FRA,DF,18.0,21,12,1165,12.9,0.0,0.0,0.0,0.0,0.0,0.0,5.0,0.0,Manchester Utd
475,Marcus Rashford,ENG,"FW,MF",26.0,15,12,978,10.9,4.0,1.0,5.0,4.0,0.0,0.0,2.0,0.0,Manchester Utd
476,Christian Eriksen,DEN,MF,32.0,23,11,1061,11.8,1.0,2.0,3.0,0.0,1.0,1.0,4.0,0.0,Manchester Utd
477,Patrick Dorgu,DEN,DF,19.0,12,10,842,9.4,0.0,0.0,0.0,0.0,0.0,0.0,3.0,1.0,Manchester Utd
478,Mason Mount,ENG,MF,25.0,17,8,622,6.9,1.0,0.0,1.0,1.0,0.0,0.0,3.0,0.0,Manchester Utd
479,Victor Lindelöf,SWE,DF,30.0,16,6,704,7.8,0.0,0.0,0.0,0.0,0.0,0.0,1.0,0.0,Manchester Utd
480,Altay Bayındır,TUR,GK,26.0,4,4,360,4.0,0.0,0.0,0.0,0.0,0.0,0.0,0.0,0.0,Manchester Utd
481,Luke Shaw,ENG,DF,29.0,7,4,349,3.9,0.0,0.0,0.0,0.0,0.0,0.0,1.0,0.0,Manchester Utd
482,Harry Amass,ENG,DF,17.0,5,4,346,3.8,0.0,0.0,0.0,0.0,0.0,0.0,0.0,0.0,Manchester Utd
483,Jonny Evans,NIR,DF,36.0,7,3,315,3.5,0.0,0.0,0.0,0.0,0.0,0.0,1.0,0.0,Manchester Utd
484,Ayden Heaven,ENG,DF,17.0,4,2,170,1.9,0.0,0.0,0.0,0.0,0.0,0.0,1.0,0.0,Manchester Utd
485,Tyler Fredricson,ENG,DF,19.0,2,2,165,1.8,0.0,0.0,0.0,0.0,0.0,0.0,0.0,0.0,Manchester Utd
486,Tyrell Malacia,NED,DF,24.0,3,2,100,1.1,0.0,0.0,0.0,0.0,0.0,0.0,1.0,0.0,Manchester Utd
487,Chidozie Obi-Martin,DEN,FW,16.0,7,1,165,1.8,0.0,0.0,0.0,0.0,0.0,0.0,1.0,0.0,Manchester Utd
488,Toby Collyer,ENG,MF,20.0,6,0,179,2.0,0.0,0.0,0.0,0.0,0.0,0.0,0.0,0.0,Manchester Utd
489,Antony,BRA,"DF,MF",24.0,8,0,141,1.6,0.0,0.0,0.0,0.0,0.0,0.0,0.0,0.0,Manchester Utd
490,Scott McTominay,SCO,MF,27.0,2,0,19,0.2,0.0,0.0,0.0,0.0,0.0,0.0,0.0,0.0,Manchester Utd
491,Jayce Fitzgerald,ENG,MF,17.0,0,0,0,0.0,0.0,0.0,0.0,0.0,0.0,0.0,0.0,0.0,Manchester Utd
492,Jack Fletcher,ENG,MF,17.0,0,0,0,0.0,0.0,0.0,0.0,0.0,0.0,0.0,0.0,0.0,Manchester Utd
493,Hubert Graczyk,POL,GK,21.0,0,0,0,0.0,0.0,0.0,0.0,0.0,0.0,0.0,0.0,0.0,Manchester Utd
494,Elyh Harrison,ENG,GK,18.0,0,0,0,0.0,0.0,0.0,0.0,0.0,0.0,0.0,0.0,0.0,Manchester Utd
495,Tom Heaton,ENG,GK,38.0,0,0,0,0.0,0.0,0.0,0.0,0.0,0.0,0.0,0.0,0.0,Manchester Utd
496,Sekou Koné,MLI,MF,18.0,0,0,0,0.0,0.0,0.0,0.0,0.0,0.0,0.0,0.0,0.0,Manchester Utd
497,Godwill Kukonki,ENG,DF,16.0,0,0,0,0.0,0.0,0.0,0.0,0.0,0.0,0.0,0.0,0.0,Manchester Utd
498,Dermot Mee,NIR,GK,21.0,0,0,0,0.0,0.0,0.0,0.0,0.0,0.0,0.0,0.0,0.0,Manchester Utd
499,Jack Moorhouse,ENG,MF,18.0,0,0,0,0.0,0.0,0.0,0.0,0.0,0.0,0.0,0.0,0.0,Manchester Utd
500,Ethan Wheatley,ENG,FW,18.0,0,0,0,0.0,0.0,0.0,0.0,0.0,0.0,0.0,0.0,0.0,Manchester Utd
501,Bruno Guimarães,BRA,MF,26.0,38,38,3271,36.3,5.0,6.0,11.0,5.0,0.0,0.0,7.0,0.0,Newcastle Utd
502,Dan Burn,ENG,DF,32.0,37,37,3330,37.0,1.0,1.0,2.0,1.0,0.0,0.0,11.0,0.0,Newcastle Utd
503,Alexander Isak,SWE,FW,24.0,34,34,2756,30.6,23.0,6.0,29.0,19.0,4.0,4.0,1.0,0.0,Newcastle Utd
504,Fabian Schär,SUI,DF,32.0,34,33,2934,32.6,4.0,0.0,4.0,4.0,0.0,0.0,9.0,1.0,Newcastle Utd
505,Valentino Livramento,ENG,DF,21.0,37,32,2840,31.6,0.0,1.0,1.0,0.0,0.0,0.0,1.0,0.0,Newcastle Utd
506,Jacob Murphy,ENG,FW,29.0,35,31,2360,26.2,8.0,12.0,20.0,8.0,0.0,0.0,4.0,0.0,Newcastle Utd
507,Joelinton,BRA,"MF,FW",27.0,29,29,2393,26.6,4.0,3.0,7.0,4.0,0.0,0.0,10.0,0.0,Newcastle Utd
508,Sandro Tonali,ITA,MF,24.0,36,28,2630,29.2,4.0,2.0,6.0,4.0,0.0,0.0,5.0,0.0,Newcastle Utd
509,Nick Pope,ENG,GK,32.0,28,28,2520,28.0,0.0,0.0,0.0,0.0,0.0,0.0,2.0,0.0,Newcastle Utd
510,Anthony Gordon,ENG,"FW,MF",23.0,34,28,2434,27.0,6.0,5.0,11.0,5.0,1.0,2.0,2.0,0.0,Newcastle Utd
511,Lewis Hall,ENG,DF,19.0,27,24,2189,24.3,0.0,4.0,4.0,0.0,0.0,0.0,3.0,0.0,Newcastle Utd
512,Harvey Barnes,ENG,FW,26.0,33,17,1755,19.5,9.0,4.0,13.0,9.0,0.0,0.0,0.0,0.0,Newcastle Utd
513,Kieran Trippier,ENG,DF,33.0,25,14,1309,14.5,0.0,3.0,3.0,0.0,0.0,0.0,1.0,0.0,Newcastle Utd
514,Joe Willock,ENG,"MF,FW",24.0,32,11,1086,12.1,0.0,2.0,2.0,0.0,0.0,0.0,4.0,0.0,Newcastle Utd
515,Martin Dúbravka,SVK,GK,35.0,10,10,900,10.0,0.0,0.0,0.0,0.0,0.0,0.0,0.0,0.0,Newcastle Utd
516,Sean Longstaff,ENG,MF,26.0,25,8,798,8.9,0.0,0.0,0.0,0.0,0.0,0.0,2.0,0.0,Newcastle Utd
517,Sven Botman,NED,DF,24.0,8,6,412,4.6,0.0,0.0,0.0,0.0,0.0,0.0,1.0,0.0,Newcastle Utd
518,Lloyd Kelly,ENG,DF,25.0,10,4,303,3.4,0.0,1.0,1.0,0.0,0.0,0.0,2.0,0.0,Newcastle Utd
519,Callum Wilson,ENG,FW,32.0,18,2,370,4.1,0.0,0.0,0.0,0.0,0.0,0.0,1.0,0.0,Newcastle Utd
520,Emil Krafth,SWE,DF,29.0,12,2,342,3.8,0.0,0.0,0.0,0.0,0.0,0.0,2.0,0.0,Newcastle Utd
521,Lewis Miley,ENG,MF,18.0,14,1,313,3.5,1.0,0.0,1.0,1.0,0.0,0.0,0.0,0.0,Newcastle Utd
522,Miguel Almirón,PAR,FW,30.0,9,1,157,1.7,0.0,0.0,0.0,0.0,0.0,0.0,0.0,0.0,Newcastle Utd
523,William Osula,DEN,FW,20.0,14,0,134,1.5,1.0,0.0,1.0,1.0,0.0,0.0,0.0,0.0,Newcastle Utd
524,Matt Targett,ENG,DF,28.0,2,0,21,0.2,0.0,0.0,0.0,0.0,0.0,0.0,0.0,0.0,Newcastle Utd
525,Jamaal Lascelles,ENG,DF,30.0,0,0,0,0.0,0.0,0.0,0.0,0.0,0.0,0.0,0.0,0.0,Newcastle Utd
526,Alex Murphy,IRL,DF,20.0,0,0,0,0.0,0.0,0.0,0.0,0.0,0.0,0.0,0.0,0.0,Newcastle Utd
527,Sean Neave,ENG,FW,17.0,0,0,0,0.0,0.0,0.0,0.0,0.0,0.0,0.0,0.0,0.0,Newcastle Utd
528,John Ruddy,ENG,GK,37.0,0,0,0,0.0,0.0,0.0,0.0,0.0,0.0,0.0,0.0,0.0,Newcastle Utd
529,Leo Shahar,ENG,DF,17.0,0,0,0,0.0,0.0,0.0,0.0,0.0,0.0,0.0,0.0,0.0,Newcastle Utd
530,Odysseas Vlachodimos,GRE,GK,30.0,0,0,0,0.0,0.0,0.0,0.0,0.0,0.0,0.0,0.0,0.0,Newcastle Utd
531,Matz Sels,BEL,GK,32.0,38,38,3420,38.0,0.0,0.0,0.0,0.0,0.0,0.0,4.0,0.0,Nott'ham Forest
532,Nikola Milenković,SRB,DF,26.0,37,37,3330,37.0,5.0,2.0,7.0,5.0,0.0,0.0,4.0,0.0,Nott'ham Forest
533,Murillo,BRA,DF,22.0,36,36,3188,35.4,2.0,0.0,2.0,2.0,0.0,0.0,6.0,0.0,Nott'ham Forest
534,Ola Aina,NGA,DF,27.0,35,35,2995,33.3,2.0,1.0,3.0,2.0,0.0,0.0,5.0,0.0,Nott'ham Forest
535,Chris Wood,NZL,FW,32.0,36,35,2959,32.9,20.0,3.0,23.0,17.0,3.0,3.0,1.0,0.0,Nott'ham Forest
536,Morgan Gibbs-White,ENG,MF,24.0,34,34,2803,31.1,7.0,8.0,15.0,7.0,0.0,0.0,11.0,1.0,Nott'ham Forest
537,Elliot Anderson,ENG,MF,21.0,37,33,2728,30.3,2.0,6.0,8.0,2.0,0.0,0.0,10.0,0.0,Nott'ham Forest
538,Anthony Elanga,SWE,"FW,MF",22.0,38,31,2501,27.8,6.0,11.0,17.0,6.0,0.0,0.0,1.0,0.0,Nott'ham Forest
539,Neco Williams,WAL,DF,23.0,35,28,2594,28.8,1.0,3.0,4.0,1.0,0.0,0.0,7.0,0.0,Nott'ham Forest
540,Callum Hudson-Odoi,ENG,"FW,MF",23.0,31,25,2194,24.4,5.0,2.0,7.0,5.0,0.0,0.0,2.0,0.0,Nott'ham Forest
541,Nicolás Domínguez,ARG,"MF,FW",26.0,34,23,1963,21.8,0.0,1.0,1.0,0.0,0.0,0.0,9.0,0.0,Nott'ham Forest
542,Ryan Yates,ENG,MF,26.0,35,18,1915,21.3,2.0,1.0,3.0,2.0,0.0,0.0,10.0,0.0,Nott'ham Forest
543,Álex Moreno,ESP,"DF,MF",31.0,15,11,955,10.6,0.0,1.0,1.0,0.0,0.0,0.0,2.0,0.0,Nott'ham Forest
544,Ibrahim Sangaré,CIV,MF,26.0,13,7,590,6.6,0.0,1.0,1.0,0.0,0.0,0.0,3.0,0.0,Nott'ham Forest
545,Morato,BRA,DF,23.0,26,6,907,10.1,0.0,0.0,0.0,0.0,0.0,0.0,5.0,0.0,Nott'ham Forest
546,Jota Silva,POR,"FW,MF",24.0,31,5,854,9.5,3.0,1.0,4.0,3.0,0.0,0.0,5.0,0.0,Nott'ham Forest
547,James Ward-Prowse,ENG,MF,29.0,9,5,400,4.4,0.0,1.0,1.0,0.0,0.0,0.0,2.0,1.0,Nott'ham Forest
548,Danilo,BRA,"MF,FW",23.0,8,5,275,3.1,0.0,0.0,0.0,0.0,0.0,0.0,0.0,0.0,Nott'ham Forest
549,Taiwo Awoniyi,NGA,FW,26.0,26,3,416,4.6,1.0,0.0,1.0,1.0,0.0,0.0,0.0,0.0,Nott'ham Forest
550,Ramón Sosa,PAR,"FW,MF",24.0,19,1,295,3.3,1.0,0.0,1.0,1.0,0.0,0.0,1.0,0.0,Nott'ham Forest
551,Willy Boly,CIV,DF,33.0,6,1,150,1.7,0.0,0.0,0.0,0.0,0.0,0.0,1.0,0.0,Nott'ham Forest
552,Harry Toffolo,ENG,DF,28.0,4,1,137,1.5,0.0,0.0,0.0,0.0,0.0,0.0,1.0,0.0,Nott'ham Forest
553,Eric da Silva Moreira,GER,"MF,DF",18.0,2,0,30,0.3,0.0,0.0,0.0,0.0,0.0,0.0,0.0,0.0,Nott'ham Forest
554,Zach Abbott,ENG,DF,18.0,0,0,0,0.0,0.0,0.0,0.0,0.0,0.0,0.0,0.0,0.0,Nott'ham Forest
555,Wayne Hennessey,WAL,GK,37.0,0,0,0,0.0,0.0,0.0,0.0,0.0,0.0,0.0,0.0,0.0,Nott'ham Forest
556,Carlos Miguel,BRA,GK,25.0,0,0,0,0.0,0.0,0.0,0.0,0.0,0.0,0.0,0.0,0.0,Nott'ham Forest
557,Andrew Omobamidele,IRL,DF,22.0,0,0,0,0.0,0.0,0.0,0.0,0.0,0.0,0.0,0.0,0.0,Nott'ham Forest
558,Mateus Fernandes,POR,MF,20.0,36,34,2909,32.3,2.0,4.0,6.0,2.0,0.0,0.0,8.0,0.0,Southampton
559,Kyle Walker-Peters,ENG,DF,27.0,33,33,2918,32.4,0.0,2.0,2.0,0.0,0.0,0.0,5.0,0.0,Southampton
560,Taylor Harwood-Bellis,ENG,DF,22.0,34,32,2825,31.4,1.0,0.0,1.0,1.0,0.0,0.0,9.0,0.0,Southampton
561,Aaron Ramsdale,ENG,GK,26.0,30,30,2700,30.0,0.0,0.0,0.0,0.0,0.0,0.0,2.0,0.0,Southampton
562,Jan Bednarek,POL,DF,28.0,30,30,2531,28.1,2.0,0.0,2.0,2.0,0.0,0.0,7.0,0.0,Southampton
563,Flynn Downes,ENG,MF,25.0,27,25,2151,23.9,1.0,0.0,1.0,1.0,0.0,0.0,12.0,0.0,Southampton
564,Joe Aribo,NGA,"MF,DF",28.0,32,21,2013,22.4,3.0,0.0,3.0,3.0,0.0,0.0,1.0,0.0,Southampton
565,Tyler Dibling,ENG,"FW,MF",18.0,33,20,1874,20.8,2.0,0.0,2.0,2.0,0.0,0.0,6.0,0.0,Southampton
566,Lesley Ugochukwu,FRA,MF,20.0,26,18,1655,18.4,1.0,1.0,2.0,1.0,0.0,0.0,7.0,0.0,Southampton
567,Ryan Manning,IRL,"DF,MF",28.0,24,18,1462,16.2,0.0,1.0,1.0,0.0,0.0,0.0,2.0,0.0,Southampton
568,Kamaldeen Sulemana,GHA,"FW,MF",22.0,26,17,1402,15.6,1.0,1.0,2.0,1.0,0.0,0.0,2.0,0.0,Southampton
569,Jack Stephens,ENG,DF,30.0,19,17,1389,15.4,1.0,0.0,1.0,1.0,0.0,0.0,2.0,2.0,Southampton
570,Yukinari Sugawara,JPN,"DF,MF",24.0,30,16,1557,17.3,1.0,1.0,2.0,1.0,0.0,0.0,4.0,0.0,Southampton
571,Adam Armstrong,ENG,"FW,MF",27.0,20,15,1248,13.9,2.0,2.0,4.0,2.0,0.0,1.0,4.0,0.0,Southampton
572,Cameron Archer,ENG,FW,23.0,35,13,1441,16.0,2.0,0.0,2.0,2.0,0.0,1.0,0.0,0.0,Southampton
573,James Bree,ENG,DF,26.0,17,13,1075,11.9,0.0,1.0,1.0,0.0,0.0,0.0,0.0,0.0,Southampton
574,Paul Onuachu,NGA,FW,30.0,25,11,1050,11.7,4.0,1.0,5.0,4.0,0.0,0.0,4.0,0.0,Southampton
575,Nathan Wood-Gordon,ENG,DF,22.0,11,9,773,8.6,0.0,0.0,0.0,0.0,0.0,0.0,2.0,0.0,Southampton
576,William Smallbone,IRL,MF,24.0,18,6,690,7.7,1.0,0.0,1.0,1.0,0.0,0.0,1.0,0.0,Southampton
577,Welington,BRA,DF,23.0,10,6,482,5.4,0.0,0.0,0.0,0.0,0.0,0.0,1.0,0.0,Southampton
578,Alex McCarthy,ENG,GK,34.0,5,5,450,5.0,0.0,0.0,0.0,0.0,0.0,0.0,0.0,0.0,Southampton
579,Adam Lallana,ENG,MF,36.0,14,5,361,4.0,0.0,2.0,2.0,0.0,0.0,0.0,4.0,0.0,Southampton
580,Ben Brereton,CHI,FW,25.0,10,4,449,5.0,0.0,0.0,0.0,0.0,0.0,0.0,1.0,0.0,Southampton
581,Ross Stewart,SCO,FW,28.0,12,4,389,4.3,1.0,0.0,1.0,1.0,0.0,0.0,1.0,0.0,Southampton
582,Ryan Fraser,SCO,"FW,DF",30.0,8,4,306,3.4,0.0,0.0,0.0,0.0,0.0,0.0,0.0,1.0,Southampton
583,Charlie Taylor,ENG,DF,30.0,8,3,356,4.0,0.0,0.0,0.0,0.0,0.0,0.0,1.0,0.0,Southampton
584,Joe Lumley,ENG,GK,29.0,3,3,270,3.0,0.0,0.0,0.0,0.0,0.0,0.0,0.0,0.0,Southampton
585,Armel Bella Kotchap,GER,DF,22.0,4,2,331,3.7,0.0,0.0,0.0,0.0,0.0,0.0,0.0,0.0,Southampton
586,Albert Grønbaek,DEN,"FW,MF",23.0,4,2,143,1.6,0.0,0.0,0.0,0.0,0.0,0.0,0.0,0.0,Southampton
587,Jay Robinson,ENG,"MF,FW",17.0,4,1,137,1.5,0.0,0.0,0.0,0.0,0.0,0.0,0.0,0.0,Southampton
588,Maxwel Cornet,CIV,FW,27.0,2,1,72,0.8,0.0,0.0,0.0,0.0,0.0,0.0,1.0,0.0,Southampton
589,Samuel Edozie,ENG,"DF,FW",21.0,2,0,65,0.7,0.0,0.0,0.0,0.0,0.0,0.0,1.0,0.0,Southampton
590,Samuel Amo-Ameyaw,ENG,"FW,DF",18.0,2,0,28,0.3,0.0,0.0,0.0,0.0,0.0,0.0,1.0,0.0,Southampton
591,Joachim Kayi Sanda,FRA,DF,17.0,2,0,14,0.2,0.0,0.0,0.0,0.0,0.0,0.0,0.0,0.0,Southampton
592,Ronnie Edwards,ENG,DF,21.0,1,0,12,0.1,0.0,0.0,0.0,0.0,0.0,0.0,0.0,0.0,Southampton
593,Carlos Alcaraz,ARG,MF,21.0,1,0,10,0.1,0.0,0.0,0.0,0.0,0.0,0.0,0.0,0.0,Southampton
594,Jayden Moore,Inconnu,DF,0.0,0,0,0,0.0,0.0,0.0,0.0,0.0,0.0,0.0,0.0,0.0,Southampton
595,Joe O'Brien-Whitmarsh,IRL,MF,19.0,0,0,0,0.0,0.0,0.0,0.0,0.0,0.0,0.0,0.0,0.0,Southampton
596,Pedro Porro,ESP,DF,24.0,33,28,2610,29.0,2.0,6.0,8.0,2.0,0.0,0.0,5.0,0.0,Tottenham
597,Dejan Kulusevski,SWE,"MF,FW",24.0,32,27,2389,26.5,7.0,4.0,11.0,7.0,0.0,0.0,3.0,0.0,Tottenham
598,Dominic Solanke,ENG,FW,26.0,27,25,2201,24.5,9.0,3.0,12.0,8.0,1.0,1.0,0.0,0.0,Tottenham
599,Brennan Johnson,WAL,FW,23.0,33,24,2177,24.2,11.0,3.0,14.0,11.0,0.0,0.0,5.0,0.0,Tottenham
600,Guglielmo Vicario,ITA,GK,27.0,24,24,2160,24.0,0.0,0.0,0.0,0.0,0.0,0.0,1.0,0.0,Tottenham
601,Son Heung-min,KOR,FW,32.0,30,24,2110,23.4,7.0,9.0,16.0,6.0,1.0,2.0,1.0,0.0,Tottenham
602,Destiny Udogie,ITA,DF,21.0,25,24,1924,21.4,0.0,1.0,1.0,0.0,0.0,0.0,2.0,0.0,Tottenham
603,Pape Matar Sarr,SEN,MF,21.0,36,22,1913,21.3,3.0,2.0,5.0,3.0,0.0,0.0,6.0,0.0,Tottenham
604,James Maddison,ENG,MF,27.0,31,21,1809,20.1,9.0,7.0,16.0,9.0,0.0,0.0,6.0,0.0,Tottenham
605,Rodrigo Bentancur,URU,MF,27.0,26,21,1645,18.3,2.0,0.0,2.0,2.0,0.0,0.0,9.0,0.0,Tottenham
606,Djed Spence,ENG,DF,23.0,25,19,1792,19.9,1.0,2.0,3.0,1.0,0.0,0.0,4.0,1.0,Tottenham
607,Archie Gray,ENG,"DF,MF",18.0,28,19,1751,19.5,0.0,0.0,0.0,0.0,0.0,0.0,1.0,0.0,Tottenham
608,Cristian Romero,ARG,DF,26.0,18,18,1416,15.7,1.0,0.0,1.0,1.0,0.0,0.0,3.0,0.0,Tottenham
609,Yves Bissouma,MLI,MF,27.0,28,16,1408,15.6,2.0,0.0,2.0,2.0,0.0,0.0,7.0,0.0,Tottenham
610,Ben Davies,WAL,DF,31.0,17,14,1331,14.8,0.0,0.0,0.0,0.0,0.0,0.0,5.0,0.0,Tottenham
611,Radu Drăgușin,ROU,DF,22.0,16,14,1252,13.9,0.0,0.0,0.0,0.0,0.0,0.0,1.0,0.0,Tottenham
612,Micky van de Ven,NED,DF,23.0,13,12,1015,11.3,0.0,2.0,2.0,0.0,0.0,0.0,4.0,0.0,Tottenham
613,Lucas Bergvall,SWE,MF,18.0,27,11,1212,13.5,0.0,1.0,1.0,0.0,0.0,0.0,3.0,0.0,Tottenham
614,Mathys Tel,FRA,FW,19.0,13,11,911,10.1,2.0,1.0,3.0,1.0,1.0,1.0,2.0,0.0,Tottenham
615,Wilson Odobert,FRA,"FW,MF",19.0,16,9,850,9.4,1.0,0.0,1.0,1.0,0.0,0.0,0.0,0.0,Tottenham
616,Kevin Danso,AUT,DF,25.0,10,9,842,9.4,0.0,0.0,0.0,0.0,0.0,0.0,0.0,0.0,Tottenham
617,Fraser Forster,ENG,GK,36.0,7,7,630,7.0,0.0,0.0,0.0,0.0,0.0,0.0,0.0,0.0,Tottenham
618,Antonín Kinský,CZE,GK,21.0,6,6,540,6.0,0.0,0.0,0.0,0.0,0.0,0.0,0.0,0.0,Tottenham
619,Timo Werner,GER,"FW,MF",28.0,18,4,516,5.7,0.0,3.0,3.0,0.0,0.0,0.0,0.0,0.0,Tottenham
620,Richarlison,BRA,FW,27.0,15,4,504,5.6,4.0,1.0,5.0,4.0,0.0,0.0,2.0,0.0,Tottenham
621,Mikey Moore,ENG,FW,16.0,10,3,366,4.1,0.0,1.0,1.0,0.0,0.0,0.0,0.0,0.0,Tottenham
622,Sergio Reguilón,ESP,DF,27.0,4,1,196,2.2,0.0,0.0,0.0,0.0,0.0,0.0,2.0,0.0,Tottenham
623,Brandon Austin,ENG,GK,25.0,1,1,90,1.0,0.0,0.0,0.0,0.0,0.0,0.0,0.0,0.0,Tottenham
624,Dane Scarlett,ENG,"FW,MF",20.0,3,0,34,0.4,0.0,1.0,1.0,0.0,0.0,0.0,0.0,0.0,Tottenham
625,Alfie Dorrington,ENG,DF,19.0,1,0,14,0.2,0.0,0.0,0.0,0.0,0.0,0.0,0.0,0.0,Tottenham
626,Will Lankshear,ENG,"FW,MF",19.0,3,0,11,0.1,0.0,0.0,0.0,0.0,0.0,0.0,0.0,0.0,Tottenham
627,Oyindamola Ajayi,ENG,MF,18.0,0,0,0,0.0,0.0,0.0,0.0,0.0,0.0,0.0,0.0,0.0,Tottenham
628,Dante Cassanova,JAM,DF,20.0,0,0,0,0.0,0.0,0.0,0.0,0.0,0.0,0.0,0.0,0.0,Tottenham
629,Alfie Devine,ENG,MF,19.0,0,0,0,0.0,0.0,0.0,0.0,0.0,0.0,0.0,0.0,0.0,Tottenham
630,Malachi Hardy,ENG,DF,16.0,0,0,0,0.0,0.0,0.0,0.0,0.0,0.0,0.0,0.0,0.0,Tottenham
631,Maeson King,ENG,DF,18.0,0,0,0,0.0,0.0,0.0,0.0,0.0,0.0,0.0,0.0,0.0,Tottenham
632,Yang Minhyeok,KOR,MF,18.0,0,0,0,0.0,0.0,0.0,0.0,0.0,0.0,0.0,0.0,0.0,Tottenham
633,Callum Olusesi,ENG,MF,17.0,0,0,0,0.0,0.0,0.0,0.0,0.0,0.0,0.0,0.0,0.0,Tottenham
634,Alfie Whiteman,ENG,GK,25.0,0,0,0,0.0,0.0,0.0,0.0,0.0,0.0,0.0,0.0,0.0,Tottenham
635,Luca Williams Barnett,ENG,FW,15.0,0,0,0,0.0,0.0,0.0,0.0,0.0,0.0,0.0,0.0,0.0,Tottenham
636,Max Kilman,ENG,DF,27.0,38,38,3348,37.2,0.0,1.0,1.0,0.0,0.0,0.0,5.0,0.0,West Ham
637,Aaron Wan-Bissaka,COD,DF,26.0,36,35,3154,35.0,2.0,5.0,7.0,2.0,0.0,0.0,1.0,0.0,West Ham
638,Jarrod Bowen,ENG,"FW,MF",27.0,34,34,2973,33.0,13.0,8.0,21.0,12.0,1.0,1.0,1.0,0.0,West Ham
639,Mohammed Kudus,GHA,"FW,MF",23.0,32,31,2590,28.8,5.0,3.0,8.0,5.0,0.0,0.0,2.0,1.0,West Ham
640,Tomáš Souček,CZE,MF,29.0,35,30,2567,28.5,9.0,1.0,10.0,9.0,0.0,0.0,8.0,0.0,West Ham
641,Lucas Paquetá,BRA,"MF,FW",26.0,33,27,2380,26.4,4.0,0.0,4.0,2.0,2.0,2.0,10.0,0.0,West Ham
642,Emerson Palmieri,ITA,DF,29.0,31,26,2113,23.5,2.0,1.0,3.0,2.0,0.0,0.0,5.0,0.0,West Ham
643,Alphonse Areola,FRA,GK,31.0,26,25,2260,25.1,0.0,0.0,0.0,0.0,0.0,0.0,0.0,0.0,West Ham
644,Konstantinos Mavropanos,GRE,DF,26.0,33,21,2045,22.7,0.0,0.0,0.0,0.0,0.0,0.0,6.0,1.0,West Ham
645,Jean-Clair Todibo,FRA,DF,24.0,27,20,1825,20.3,0.0,0.0,0.0,0.0,0.0,0.0,3.0,0.0,West Ham
646,Edson Álvarez,MEX,MF,26.0,28,20,1772,19.7,0.0,1.0,1.0,0.0,0.0,0.0,9.0,1.0,West Ham
647,Guido Rodríguez,ARG,MF,30.0,23,16,1149,12.8,0.0,1.0,1.0,0.0,0.0,0.0,6.0,0.0,West Ham
648,Carlos Soler,ESP,"MF,FW",27.0,31,14,1409,15.7,1.0,1.0,2.0,1.0,0.0,0.0,6.0,0.0,West Ham
649,Łukasz Fabiański,POL,GK,39.0,14,13,1160,12.9,0.0,0.0,0.0,0.0,0.0,0.0,2.0,0.0,West Ham
650,James Ward-Prowse,ENG,MF,29.0,15,12,1039,11.5,1.0,1.0,2.0,1.0,0.0,0.0,2.0,0.0,West Ham
651,Vladimír Coufal,CZE,DF,31.0,22,11,1067,11.9,0.0,0.0,0.0,0.0,0.0,0.0,5.0,0.0,West Ham
652,Michail Antonio,JAM,FW,34.0,14,11,836,9.3,1.0,1.0,2.0,1.0,0.0,0.0,1.0,0.0,West Ham
653,Aaron Cresswell,ENG,DF,34.0,18,10,824,9.2,0.0,0.0,0.0,0.0,0.0,0.0,3.0,0.0,West Ham
654,Crysencio Summerville,NED,"FW,MF",22.0,19,7,786,8.7,1.0,1.0,2.0,1.0,0.0,0.0,2.0,0.0,West Ham
655,Oliver Scarles,ENG,"DF,FW",18.0,15,7,665,7.4,0.0,0.0,0.0,0.0,0.0,0.0,1.0,0.0,West Ham
656,Niclas Füllkrug,GER,FW,31.0,18,6,790,8.8,3.0,2.0,5.0,3.0,0.0,0.0,2.0,0.0,West Ham
657,Danny Ings,ENG,"FW,MF",32.0,15,1,284,3.2,1.0,2.0,3.0,1.0,0.0,0.0,0.0,0.0,West Ham
658,Andy Irving,SCO,MF,24.0,10,1,166,1.8,0.0,0.0,0.0,0.0,0.0,0.0,2.0,0.0,West Ham
659,Evan Ferguson,IRL,FW,19.0,8,1,156,1.7,0.0,0.0,0.0,0.0,0.0,0.0,0.0,0.0,West Ham
660,Luis Guilherme,BRA,"MF,FW",18.0,12,1,150,1.7,0.0,0.0,0.0,0.0,0.0,0.0,0.0,0.0,West Ham
661,Lewis Orford,ENG,MF,18.0,2,0,49,0.5,0.0,0.0,0.0,0.0,0.0,0.0,0.0,0.0,West Ham
662,Kaelan Casey,ENG,DF,19.0,1,0,1,0.0,0.0,0.0,0.0,0.0,0.0,0.0,0.0,0.0,West Ham
663,Wes Foderingham,ENG,GK,33.0,0,0,0,0.0,0.0,0.0,0.0,0.0,0.0,0.0,0.0,0.0,West Ham
664,Ezra Mayers,BRB,DF,17.0,0,0,0,0.0,0.0,0.0,0.0,0.0,0.0,0.0,0.0,0.0,West Ham
665,Rayan Aït-Nouri,ALG,DF,23.0,37,37,3109,34.5,4.0,7.0,11.0,4.0,0.0,0.0,7.0,1.0,Wolves
666,João Gomes,BRA,MF,23.0,36,35,2974,33.0,3.0,1.0,4.0,3.0,0.0,0.0,11.0,1.0,Wolves
667,Nélson Semedo,POR,DF,30.0,34,32,2886,32.1,0.0,4.0,4.0,0.0,0.0,0.0,8.0,0.0,Wolves
668,André,BRA,MF,23.0,33,31,2472,27.5,0.0,0.0,0.0,0.0,0.0,0.0,7.0,0.0,Wolves
669,Toti Gomes,POR,DF,25.0,31,30,2614,29.0,0.0,1.0,1.0,0.0,0.0,0.0,7.0,0.0,Wolves
670,Jørgen Strand Larsen,NOR,FW,24.0,35,30,2587,28.7,14.0,4.0,18.0,14.0,0.0,0.0,4.0,0.0,Wolves
671,José Sá,POR,GK,31.0,29,29,2609,29.0,0.0,0.0,0.0,0.0,0.0,0.0,2.0,0.0,Wolves
672,Matheus Cunha,BRA,"MF,FW",25.0,33,29,2597,28.9,15.0,6.0,21.0,15.0,0.0,0.0,4.0,0.0,Wolves
673,Matt Doherty,IRL,DF,32.0,30,25,2109,23.4,2.0,1.0,3.0,2.0,0.0,0.0,6.0,0.0,Wolves
674,Jean-Ricner Bellegarde,HAI,"MF,FW",26.0,35,20,1677,18.6,2.0,7.0,9.0,2.0,0.0,0.0,3.0,0.0,Wolves
675,Santiago Bueno,URU,DF,25.0,29,18,1687,18.7,0.0,0.0,0.0,0.0,0.0,0.0,2.0,0.0,Wolves
676,Emmanuel Agbadou,CIV,DF,27.0,16,16,1410,15.7,1.0,0.0,1.0,1.0,0.0,0.0,3.0,0.0,Wolves
677,Mario Lemina,GAB,"MF,DF",30.0,17,15,1364,15.2,1.0,3.0,4.0,1.0,0.0,0.0,4.0,0.0,Wolves
678,Marshall Munetsi,ZIM,"MF,FW",28.0,14,12,1078,12.0,2.0,1.0,3.0,2.0,0.0,0.0,0.0,0.0,Wolves
679,Gonçalo Guedes,POR,"MF,FW",27.0,29,10,995,11.1,2.0,4.0,6.0,2.0,0.0,0.0,1.0,0.0,Wolves
680,Craig Dawson,ENG,DF,34.0,15,10,971,10.8,0.0,0.0,0.0,0.0,0.0,0.0,2.0,0.0,Wolves
681,Pablo Sarabia,ESP,"MF,FW",32.0,23,7,814,9.0,3.0,2.0,5.0,3.0,0.0,0.0,3.0,0.0,Wolves
682,Rodrigo Gomes,POR,"DF,FW",21.0,25,7,810,9.0,2.0,0.0,2.0,2.0,0.0,0.0,0.0,0.0,Wolves
683,Sam Johnstone,ENG,GK,31.0,7,7,630,7.0,0.0,0.0,0.0,0.0,0.0,0.0,0.0,0.0,Wolves
684,Hwang Hee-chan,KOR,"MF,FW",28.0,21,5,661,7.3,2.0,0.0,2.0,2.0,0.0,0.0,0.0,0.0,Wolves
685,Yerson Mosquera,COL,DF,23.0,5,5,441,4.9,0.0,0.0,0.0,0.0,0.0,0.0,2.0,0.0,Wolves
686,Tommy Doyle,ENG,MF,22.0,24,3,488,5.4,0.0,1.0,1.0,0.0,0.0,0.0,1.0,0.0,Wolves
687,Daniel Bentley,ENG,GK,31.0,2,2,180,2.0,0.0,0.0,0.0,0.0,0.0,0.0,0.0,0.0,Wolves
688,Carlos Forbs,POR,"MF,FW",20.0,10,1,239,2.7,0.0,0.0,0.0,0.0,0.0,0.0,2.0,0.0,Wolves
689,Pedro Lima,BRA,DF,18.0,3,1,70,0.8,0.0,0.0,0.0,0.0,0.0,0.0,0.0,0.0,Wolves
690,Nasser Djiga,BFA,DF,21.0,5,1,66,0.7,0.0,0.0,0.0,0.0,0.0,0.0,0.0,0.0,Wolves
691,Daniel Podence,POR,"MF,FW",28.0,2,0,48,0.5,0.0,0.0,0.0,0.0,0.0,0.0,0.0,0.0,Wolves
692,Chiquinho,POR,MF,24.0,1,0,7,0.1,0.0,0.0,0.0,0.0,0.0,0.0,0.0,0.0,Wolves
693,Mateus Mane,Inconnu,MF,0.0,1,0,2,0.0,0.0,0.0,0.0,0.0,0.0,0.0,0.0,0.0,Wolves
694,Tom King,WAL,GK,29.0,1,0,1,0.0,0.0,0.0,0.0,0.0,0.0,0.0,0.0,0.0,Wolves
695,Alfie Pond,ENG,DF,20.0,1,0,1,0.0,0.0,0.0,0.0,0.0,0.0,0.0,0.0,0.0,Wolves
696,Boubacar Traoré,MLI,MF,22.0,1,0,1,0.0,0.0,0.0,0.0,0.0,0.0,0.0,0.0,0.0,Wolves
697,Tawanda Chirewa,ZIM,MF,20.0,0,0,0,0.0,0.0,0.0,0.0,0.0,0.0,0.0,0.0,0.0,Wolves
698,Luke Cundle,ENG,MF,22.0,0,0,0,0.0,0.0,0.0,0.0,0.0,0.0,0.0,0.0,0.0,Wolves
699,Tom Edozie,ENG,MF,18.0,0,0,0,0.0,0.0,0.0,0.0,0.0,0.0,0.0,0.0,0.0,Wolves
700,Bastien Meupiyou,FRA,DF,18.0,0,0,0,0.0,0.0,0.0,0.0,0.0,0.0,0.0,0.0,0.0,Wolves
701,Wesley Okoduwa,ENG,FW,16.0,0,0,0,0.0,0.0,0.0,0.0,0.0,0.0,0.0,0.0,0.0,Wolves
